planet_name,star_name,pl_transit_dur,pl_orb_period,pl_semiMajor,pl_density,pl_eq_temp,pl_mass_E,pl_radius_E,pl_radius_Sun
4 UMa b,4 UMa,,269.3,0.87,,,,,
6 Lyn b,6 Lyn,,874.774,2.18,,,,,
7 CMa b,7 CMa,,763,1.9,,,,,
11 Com b,11 Com,,326.03,1.29,,,,,
11 UMi b,11 UMi,,516.22,1.54,,,,,
14 And b,14 And,,185.84,0.83,,,,,
14 Her b,14 Her,,1773.4,2.77,,,,,
16 Cyg B b,16 Cyg B,,798.5,1.681,,,533.93,,
18 Del b,18 Del,,993.3,2.6,,,,,
24 Sex b,24 Sex,,452.8,1.333,,,,,
24 Sex c,24 Sex,,883,2.08,,,,,
30 Ari B b,30 Ari B,,335.1,0.995,,,,,
42 Dra b,42 Dra,,479.1,1.19,,,,,
47 UMa b,47 UMa,,1078,2.1,,,,,
47 UMa c,47 UMa,,2391,3.6,,,,,
47 UMa d,47 UMa,,14002,11.6,,,,,
51 Peg b,51 Peg,,4.230785,0.0527,,,,,
55 Cnc b,55 Cnc,,14.65152,0.115227,,,263.9785,,
55 Cnc c,55 Cnc,,44.4175,0.241376,,,54.4738,,
55 Cnc d,55 Cnc,,4825,5.503,,,1232.493,,
55 Cnc e,55 Cnc,,0.7365515,0.015691,,,8.13928,,
55 Cnc f,55 Cnc,,262,0.788,,,44.812,,
61 Vir b,61 Vir,,4.215,0.050201,,,,,
61 Vir c,61 Vir,,38.021,0.2175,,,,,
61 Vir d,61 Vir,,123.01,0.476,,,,,
70 Vir b,70 Vir,,116.6926,0.481,,,,,
75 Cet b,75 Cet,,691.9,2.1,,,953.5,,
81 Cet b,81 Cet,,952.7,2.5,,,,,
91 Aqr b,91 Aqr,,181.4,0.7,,,,,
AB Pic b,AB Pic,,,260,,,4290.5,,
CT Cha b,CT Cha,,,440,,2600,5403,24.66,0.226
DH Tau b,DH Tau,,,330,,,3496,,
DP Leo b,DP Leo,,10220,8.19,,,,,
FU Tau b,FU Tau,,,800,,2375,4993.107,,
GQ Lup b,GQ Lup,,,100,,2650,6356,33.6,0.308
GU Psc b,GU Psc,,,2000,,1050,3591.3,14.179,0.13
HN Peg b,HN Peg,,,773,,,6991.57,11.777,0.108
NN Ser c,NN Ser,,5573.55,5.35,,,2329.6,,
NN Ser d,NN Ser,,2883.5,3.43,,,731,,
NY Vir b,NY Vir,,2985.7,,,,,,
RR Cae b,RR Cae,,4343.5,5.3,,,,,
UZ For b,UZ For,,5840,5.9,,,2002.2,,
UZ For c,UZ For,,1916.25,2.8,,,2447.2,,
alf Ari b,alf Ari,,380.8,1.2,,,,,
alf Cen B b,alf Cen B,,3.2357,0.04,,,,,
bet Cnc b,bet Cnc,,605.2,1.7,,,,,
bet Pic b,bet Pic,,7482.5,9.04,,,,,
bet UMi b,bet UMi,,522.3,1.4,,,,,
eps Eri b,eps Eri,,2502,3.39,,,,,
eps CrB b,eps CrB,,417.9,1.3,,,2129.371,,
eps Tau b,eps Tau,,594.9,1.93,,,,,
gam 1 Leo b,gam 1 Leo,,428.5,1.19,,,,,
gam Cep b,gam Cep,,905.574,2.13,,,,,
kap CrB b,kap CrB,,1251,2.6,,,508.507,,
kap And b,kap And,,,55,,1900,4327.36,,
mu Leo b,mu Leo,,357.8,1.1,,,,,
nu Oph b,nu Oph,,530.32,1.9,,,7627.6,,
nu Oph c,nu Oph,,3186,6.1,,,8581.05,,
ome Ser b,ome Ser,,277.02,1.1,,,,,
omi CrB b,omi CrB,,187.83,0.83,,,476.725,,
omi UMa b,omi UMa,,1630,3.9,,,1303.05,,
rho CrB b,rho CrB,,39.845,0.22,,,,,
tau Boo b,tau Boo,,3.3124568,0.049,,,,,
tau Gem b,tau Gem,,305.5,1.17,,,,,
ups And b,ups And,,4.617033,0.059222,,,,,
ups And c,ups And,,241.258,0.827774,,,,,
ups And d,ups And,,1276.46,2.51329,,,,,
ups And e,ups And,,3848.86,5.24558,,,,,
xi Aql b,xi Aql,,136.75,0.68,,,,,
Fomalhaut b,Fomalhaut,,318280,115,,,826.3,13.5,0.123
Kapteyn b,Kapteyn,,48.616,0.168,,,,,
Kapteyn c,Kapteyn,,121.54,0.311,,,,,
1RXS J160929.1-210524 b,1RXS J160929.1-210524,,,330,,1700,3000,,
2MASS J01225093-2439505 b,2MASS J01225093-2439505,,,52,,,7786.5,,
2MASS J04414489+2301513 b,2MASS J04414489+2301513,,,15,,,2383.6,,
2MASS J12073346-3932539 b,2MASS J12073346-3932539,,,46,,1150,1271,,
2MASS J21402931+1625183 A b,2MASS J21402931+1625183 A,,7336.5,,,2075,6657.48,10.31,0.09
BD-17 63 b,BD-17 63,,655.6,1.34,,,,,
BD-13 2130 b,BD-13 2130,,714.3,2.1,,,,,
BD-11 4672 b,BD-11 4672,,1667,2.28,,,,,
BD-10 3166 b,BD-10 3166,,3.48777,0.0452,,,,,
BD-08 2823 b,BD-08 2823,,5.6,0.056,,,,,
BD-08 2823 c,BD-08 2823,,237.6,0.68,,,,,
BD-06 1339 b,BD-06 1339,,3.8728,0.0428,,,,,
BD-06 1339 c,BD-06 1339,,125.94,0.435,,,,,
BD+14 4559 b,BD+14 4559,,268.94,0.777,,,,,
BD+15 2940 b,BD+15 2940,,137.48,0.539,,,,,
BD+20 274 b,BD+20 274,,578.2,1.3,,,1334.8,,
BD+20 1790 b,BD+20 1790,,7.78287,0.066,,,,,
BD+20 2457 b,BD+20 2457,,379.63,1.45,,,,,
BD+20 2457 c,BD+20 2457,,621.99,2.01,,,,,
BD+48 738 b,BD+48 738,,392.6,1,,,,,
BD+49 828 b,BD+49 828,,2590,4.2,,,,,
CFBDSIR J145829+101343 b,CFBDSIR J145829+101343,,10037.5,2.6,,370,3337.1,,
CHXR 73 b,CHXR 73,,,210,,,3994.486,,
CoRoT-1 b,CoRoT-1,,1.5089557,,0.38,1898,327.35,16.7,0.153
CoRoT-2 b,CoRoT-2,0.09446,1.7429935,0.02798,1.47,,1102.82,16.432,0.151
CoRoT-3 b,CoRoT-3,,4.2568,,26.4,,6883.91,11.32,0.104
CoRoT-4 b,CoRoT-4,,9.20205,0.09,0.525,1074,228.83,13.34,0.122
CoRoT-5 b,CoRoT-5,,4.0378962,0.04947,0.217,1438,148.42,15.558,0.143
CoRoT-6 b,CoRoT-6,0.17,8.886593,0.0855,2.32,1017,940.74,13.068,0.12
CoRoT-7 b,CoRoT-7,0.0441,0.85359159,0.017016,7.5,1756,5.74,1.585,0.015
CoRoT-7 c,CoRoT-7,,3.698,0.046,,,8.4,,
CoRoT-8 b,CoRoT-8,0.1142,6.21229,0.063,1.6,,69.92,6.39,0.059
CoRoT-9 b,CoRoT-9,0.3367,95.2738,0.407,0.9,,266.97,11.77,0.108
CoRoT-10 b,CoRoT-10,0.1242,13.2406,0.1055,3.7,600,874,10.87,0.1
CoRoT-11 b,CoRoT-11,0.1042,2.99433,0.0436,0.99,1657,740.51,16.03,0.147
CoRoT-12 b,CoRoT-12,0.10726,2.828042,0.04016,0.411,1442,291.438,16.14,0.148
CoRoT-13 b,CoRoT-13,0.1308,4.03519,0.051,2.34,1700,415.704,9.92,0.091
CoRoT-14 b,CoRoT-14,0.0693,1.51214,0.027,7.3,1952,2415.4,12.22,0.112
CoRoT-16 b,CoRoT-16,0.0996,5.35227,0.0618,0.44,,170.032,13.11,0.12
CoRoT-17 b,CoRoT-17,0.196667,3.7681,0.0461,2.82,1626,772.29,11.43,0.105
CoRoT-18 b,CoRoT-18,0.0995,1.9000693,0.0295,2.2,1550,1102.82,14.68,0.135
CoRoT-19 b,CoRoT-19,0.1958,3.89713,0.0518,0.71,2000,352.78,14.46,0.133
CoRoT-20 b,CoRoT-20,0.0927,9.24285,0.0902,8.87,1002,1347.54,9.42,0.086
CoRoT-22 b,CoRoT-22,0.1872,9.75598,0.092,0.249,885,12.2,4.88,0.045
CoRoT-23 b,CoRoT-23,0.162,3.6313,0.048,3,1660,889.9,11.77,0.108
CoRoT-24 b,CoRoT-24,0.1188,5.1134,0.056,0.9,1070,5.7,3.7,0.034
CoRoT-24 c,CoRoT-24,0.2,11.759,0.098,1.3,850,28,5,0.045
CoRoT-25 b,CoRoT-25,0.08,4.86069,0.0578,0.15,1330,85.81,12.11,0.111
CoRoT-26 b,CoRoT-26,0.2279,4.20474,0.0526,0.28,1600,165.26,14.12,0.13
CoRoT-27 b,CoRoT-27,0.1154,3.57532,0.0476,12.6,1500,3302.11,11.287,0.103
CoRoT-28 b,CoRoT-28,0.2375,5.20851,0.0603,0.69,,153.82972,10.705,0.098
CoRoT-29 b,CoRoT-29,0.09125,2.85057,0.0386,1.45,,270.1555,10.088,0.092
DENIS-P J082303.1-491201 b,DENIS-P J082303.1-491201,,246.36,0.36,,,9057.77,,
GJ 86 b,GJ 86,,15.76491,0.113,,,,,
GJ 15 A b,GJ 15 A,,11.4433,0.0717,,,,,
GJ 163 b,GJ 163,,8.631,0.061,,,,,
GJ 163 c,GJ 163,,25.6,0.13,,,,,
GJ 163 d,GJ 163,,603,1,,,,,
GJ 179 b,GJ 179,,2288,2.41,,,,,
GJ 317 b,GJ 317,,692,1.15,,,794.5,,
GJ 328 b,GJ 328,,4100,4.5,,,,,
GJ 433 b,GJ 433,,7.3709,0.058,,,,,
GJ 436 b,GJ 436,,2.64388312,0.0291,1.8,,22.1,4.17,0.038
GJ 504 b,GJ 504,,,43.5,,510,1271.3,,
GJ 581 b,GJ 581,,5.3686,0.04061,,,,,
GJ 581 c,GJ 581,,12.914,0.0721,,,,,
GJ 581 e,GJ 581,,3.149,0.02815,,,,,
GJ 649 b,GJ 649,,598.3,1.135,,,,,
GJ 667 C b,GJ 667 C,,7.2004,0.0505,,,,,
GJ 667 C c,GJ 667 C,,28.14,0.125,,,,,
GJ 667 C e,GJ 667 C,,62.24,0.213,,,,,
GJ 667 C f,GJ 667 C,,39.026,0.156,,,,,
GJ 667 C g,GJ 667 C,,256.2,0.549,,,,,
GJ 674 b,GJ 674,,4.6938,0.039,,,,,
GJ 676 A b,GJ 676 A,,1050.3,1.8,,,,,
GJ 676 A d,GJ 676 A,,3.6,0.0413,,,,,
GJ 676 A e,GJ 676 A,,35.37,0.187,,,,,
GJ 687 b,GJ 687,,38.14,0.16353,,,,,
GJ 832 b,GJ 832,,3657,3.56,,,,,
GJ 832 c,GJ 832,,35.68,0.163,,,,,
GJ 849 b,GJ 849,,1845,2.32,,,,,
GJ 876 b,GJ 876,,61.1166,0.208317,,,723.2235,,
GJ 876 c,GJ 876,,30.0881,0.12959,,,226.9846,,
GJ 876 d,GJ 876,,1.93778,0.020807,,,6.83,,
GJ 876 e,GJ 876,,124.26,0.3343,,,14.6,,
GJ 1214 b,GJ 1214,0.0366,1.58040482,,3.03,,6.43,2.27,0.021
GJ 3021 b,GJ 3021,,133.71,0.49,,350,,,
GJ 3293 b,GJ 3293,,30.6,0.1434,,,,,
GJ 3293 c,GJ 3293,,123.75,0.364,,,,,
GJ 3341 b,GJ 3341,,14.207,0.089,,,,,
GJ 3470 b,GJ 3470,,3.3366487,0.031,1.18,604,13.73,3.88,0.036
GJ 3634 b,GJ 3634,,2.64561,0.0287,,,8.4,,
GSC 06214-00210 b,GSC 06214-00210,,,320,,2300,5000,,
HAT-P-1 b,HAT-P-1,0.1166,4.4652934,,0.345,,166.536,13.731,0.126
HAT-P-2 b,HAT-P-2,0.1787,5.6334729,0.06878,7.29,1540,2888.95,12.969,0.119
HAT-P-3 b,HAT-P-3,0.0865,2.899736,0.03866,1.29,,187.83,9.27,0.085
HAT-P-4 b,HAT-P-4,,3.056536,0.04438,0.403,1686,213.255,14.28,0.131
HAT-P-5 b,HAT-P-5,0.1217,2.788491,0.04075,0.66,,336.89,14.12,0.13
HAT-P-6 b,HAT-P-6,0.1461,3.852985,0.05235,0.558,,335.932,14.908,0.137
HAT-P-8 b,HAT-P-8,0.1587,3.0763776,0.0487,0.568,1700,483.08,16.81,0.154
HAT-P-9 b,HAT-P-9,0.143,3.92289,0.053,0.35,1530,247.9,15.69,0.144
HAT-P-12 b,HAT-P-12,0.0974,3.2130598,0.0384,0.3192,963,67.059,10.749,0.099
HAT-P-13 b,HAT-P-13,,2.91625,,,,270.462,14.258,0.131
HAT-P-13 c,HAT-P-13,,446.27,,,,,,
HAT-P-14 b,HAT-P-14,0.0912,4.627669,0.0606,1.82,1570,709.367,12.89,0.118
HAT-P-15 b,HAT-P-15,0.2285,10.863502,0.0964,1.96,904,618.471,12.016,0.11
HAT-P-16 b,HAT-P-16,0.1276,2.77596,0.0413,2.42,1626,1332.605,14.448,0.133
HAT-P-17 b,HAT-P-17,0.169,10.338523,0.0882,0.64,792,169.71,11.321,0.104
HAT-P-17 c,HAT-P-17,,5584,5.6,,,,,
HAT-P-18 b,HAT-P-18,0.1131,5.508023,0.0559,0.25,852,62.61,11.153,0.102
HAT-P-19 b,HAT-P-19,0.1182,4.008778,0.0466,0.25,1010,92.802,12.689,0.116
HAT-P-20 b,HAT-P-20,0.077,2.875317,0.0361,13.78,970,2302.899,9.718,0.089
HAT-P-21 b,HAT-P-21,0.153,4.124481,0.0494,4.68,1283,1291.289,11.478,0.105
HAT-P-22 b,HAT-P-22,0.1196,3.21222,0.0414,2.11,1283,682.352,12.106,0.111
HAT-P-23 b,HAT-P-23,,1.21288287,0.02302,1.406,1951,658,13.72,0.126
HAT-P-24 b,HAT-P-24,0.1539,3.35524,0.0465,0.44,1637,217.704,13.922,0.128
HAT-P-25 b,HAT-P-25,0.1174,3.652836,0.0466,0.42,1202,180.202,13.339,0.122
HAT-P-26 b,HAT-P-26,0.1023,4.234516,0.0479,0.4,1001,18.751,6.333,0.058
HAT-P-27 b,HAT-P-27,0.07,3.039577,0.04,,,197.05,11.43,0.105
HAT-P-28 b,HAT-P-28,0.1341,3.257215,0.0434,0.44,1384,198.953,13.585,0.125
HAT-P-29 b,HAT-P-29,0.1407,5.723186,0.0667,0.71,1260,247.261,12.408,0.114
HAT-P-30 b,HAT-P-30,0.0887,2.810595,0.0419,0.37,1630,225.968,15.02,0.138
HAT-P-31 b,HAT-P-31,0.2141,5.005425,0.055,2.18,1450,689.98,11.99,0.11
HAT-P-32 b,HAT-P-32,,2.15000805,0.0343,,,,20.053,0.184
HAT-P-33 b,HAT-P-33,0.1839,3.474474,0.0499,0.2,1782,242.176,18.898,0.173
HAT-P-34 b,HAT-P-34,0.1455,5.452654,0.0677,2.4,1520,1057.694,13.417,0.123
HAT-P-35 b,HAT-P-35,0.164,3.646706,0.0498,0.55,1581,334.979,14.93,0.137
HAT-P-36 b,HAT-P-36,0.0923,1.327347,0.0238,1.12,1823,582.24,14.168,0.13
HAT-P-37 b,HAT-P-37,0.0971,2.797436,0.0379,0.89,1271,371.528,13.204,0.121
HAT-P-38 b,HAT-P-38,0.1267,4.640382,0.0523,0.59,1082,84.857,9.247,0.085
HAT-P-39 b,HAT-P-39,0.1745,3.54387,0.0509,0.19,1752,190.372,17.609,0.162
HAT-P-40 b,HAT-P-40,0.2557,4.457243,0.0608,0.15,1770,195.457,19.392,0.178
HAT-P-41 b,HAT-P-41,0.1704,2.694047,0.0426,0.2,1941,254.253,18.887,0.173
HAT-P-42 b,HAT-P-42,0.1681,4.641878,0.0575,0.61,1428,331.801,14.348,0.132
HAT-P-43 b,HAT-P-43,0.1354,3.332687,0.0443,0.39,1361,210.395,14.359,0.132
HAT-P-44 b,HAT-P-44,0.1302,4.301219,0.0507,0.23,1108,111.871,13.922,0.128
HAT-P-44 c,HAT-P-44,0.503,872.2,1.752,,,,,
HAT-P-45 b,HAT-P-45,0.1436,3.128992,0.0452,0.38,1652,283.492,15.984,0.147
HAT-P-46 b,HAT-P-46,0.1291,4.463129,0.0577,0.28,1458,156.684,14.392,0.132
HAT-P-49 b,HAT-P-49,0.1712,2.691548,0.0438,0.75,2131,549.823,15.838,0.145
HAT-P-54 b,HAT-P-54,,3.799847,0.04117,1.118,818,241.5508,10.581,0.097
HATS-1 b,HATS-1,0.1007,3.446459,0.0444,1.03,1359,589.55,14.594,0.134
HATS-2 b,HATS-2,0.0862,1.354133,0.023,1.05,1577,427.463,13.092,0.12
HATS-3 b,HATS-3,0.1494,3.547851,0.0485,0.51,1648,340.382,15.48,0.142
HATS-4 b,HATS-4,0.1053,2.516729,0.0362,1.55,1315,420.471,11.433,0.105
HATS-5 b,HATS-5,0.1244,4.763387,0.0542,0.39,1025,75.323,10.223,0.094
HD 142 b,HD 142,,349.7,1.02,,,,,
HD 142 c,HD 142,,6005,6.8,,,,,
HD 564 b,HD 564,,492.3,1.2,,,,,
HD 1461 b,HD 1461,,5.7727,0.063438,,,,,
HD 1502 b,HD 1502,,431.8,1.31,,,,,
HD 1605 b,HD 1605,,577.9,1.48,,,,,
HD 1605 c,HD 1605,,2111,3.52,,,,,
HD 1666 b,HD 1666,,270,0.94,,,,,
HD 1690 b,HD 1690,,533,1.3,,,,,
HD 2039 b,HD 2039,,1120,2.23,,,,,
HD 2638 b,HD 2638,,3.4442,0.044,,,,,
HD 2952 b,HD 2952,,311.6,1.2,,,,,
HD 3651 b,HD 3651,,62.218,0.295,,,,,
HD 4113 b,HD 4113,,526.62,1.28,,,,,
HD 4208 b,HD 4208,,829,1.7,,,,,
HD 4308 b,HD 4308,,15.56,0.115,,,,,
HD 4203 b,HD 4203,,437.05,1.1735,,,,,
HD 4203 c,HD 4203,,6700,6.95,,,,,
HD 4313 b,HD 4313,,356,1.19,,,,,
HD 4732 b,HD 4732,,360.2,1.19,,,,,
HD 4732 c,HD 4732,,2732,4.6,,,,,
HD 5319 b,HD 5319,,641,1.6697,,,,,
HD 5319 c,HD 5319,,886,2.071,,,,,
HD 5608 b,HD 5608,,792.6,1.9,,,444.943,,
HD 5891 b,HD 5891,,177.11,0.76,,,,,
HD 6434 b,HD 6434,,21.998,0.14,,,,,
HD 6718 b,HD 6718,,2496,3.56,,,,,
HD 7199 b,HD 7199,,615,1.36,,,,,
HD 7449 b,HD 7449,,1275,2.3,,,,,
HD 7449 c,HD 7449,,4046,4.96,,,,,
HD 7924 b,HD 7924,,5.3978,0.057,,,,,
HD 8535 b,HD 8535,,1313,2.45,,,,,
HD 8574 b,HD 8574,,227,0.757,,,,,
HD 8673 b,HD 8673,,1634,3.02,,,,,
HD 9446 b,HD 9446,,30.052,0.189,,,,,
HD 9446 c,HD 9446,,192.9,0.654,,,,,
HD 10180 c,HD 10180,,5.75962,0.0641,,,,,
HD 10180 d,HD 10180,,16.3567,0.1285,,,,,
HD 10180 e,HD 10180,,49.747,0.2699,,,,,
HD 10180 f,HD 10180,,122.72,0.4928,,,,,
HD 10180 g,HD 10180,,602,1.423,,,,,
HD 10180 h,HD 10180,,2248,3.42,,,,,
HD 10442 b,HD 10442,,1043,2.335,,,,,
HD 10647 b,HD 10647,,989.2,2.015,,,,,
HD 10697 b,HD 10697,,1075.2,2.131,,,,,
HD 11506 b,HD 11506,,1627.5,2.708,,,,,
HD 11506 c,HD 11506,,223.6,0.721,,,,,
HD 11977 b,HD 11977,,711,1.93,,,,,
HD 11964 b,HD 11964,,1945,3.16,,,,,
HD 11964 c,HD 11964,,37.91,0.229,,,,,
HD 12661 b,HD 12661,,262.709,0.831,,,,,
HD 12661 c,HD 12661,,1708,2.9,,,,,
HD 13189 b,HD 13189,,471.6,1.85,,,,,
HD 13908 b,HD 13908,,19.382,0.154,,,,,
HD 13908 c,HD 13908,,931,2.03,,,,,
HD 13931 b,HD 13931,,4218,5.15,,,,,
HD 14067 b,HD 14067,,1455,3.4,,,,,
HD 16141 b,HD 16141,,75.523,0.363,,,,,
HD 16417 b,HD 16417,,17.24,0.14,,,,,
HD 16175 b,HD 16175,,990,2.1,,,,,
HD 17092 b,HD 17092,,359.9,,,,,,
HD 17156 b,HD 17156,0.1338,21.21663,0.1614,3.78,,1023.37,11.43,0.105
HD 18742 b,HD 18742,,772,1.92,,,,,
HD 19994 b,HD 19994,,466.2,1.305,,,,,
HD 20794 b,HD 20794,,18.315,0.1207,,660,,,
HD 20794 c,HD 20794,,40.114,0.2036,,508,,,
HD 20794 d,HD 20794,,90.309,0.3499,,388,,,
HD 20782 b,HD 20782,,577.9,1.359,,,,,
HD 20868 b,HD 20868,,380.85,0.947,,,,,
HD 23127 b,HD 23127,,1214,2.4,,,,,
HD 23079 b,HD 23079,,738.459,1.65,,,,,
HD 22781 b,HD 22781,,528.07,1.167,,,,,
HD 23596 b,HD 23596,,1561,2.772,,,,,
HD 24040 b,HD 24040,,3668,4.92,,,,,
HD 25171 b,HD 25171,,1845,3.02,,,,,
HD 27442 b,HD 27442,,423.841,1.18,,,,,
HD 27631 b,HD 27631,,2208,3.25,,,,,
HD 27894 b,HD 27894,,17.9904,0.125,,,,,
HD 28254 b,HD 28254,,1116,2.15,,,,,
HD 28185 b,HD 28185,,385.9,1.032,,,,,
HD 28678 b,HD 28678,,387.1,1.25,,,,,
HD 30177 b,HD 30177,,2770,3.95,,,,,
HD 30562 b,HD 30562,,1159.2,2.315,,,,,
HD 30669 b,HD 30669,,1684,2.69,,,,,
HD 30856 b,HD 30856,,912,1.8,,,,,
HD 31253 b,HD 31253,,466,1.26,,,,,
HD 32518 b,HD 32518,,157.54,0.59,,,,,
HD 33142 b,HD 33142,,326.6,1.06,,,,,
HD 33283 b,HD 33283,,18.179,0.145,,,,,
HD 33564 b,HD 33564,,388,1.1,,,,,
HD 34445 b,HD 34445,,1049,2.07,,,,,
HD 37124 b,HD 37124,,154.46,0.53,,,,,
HD 37124 c,HD 37124,,2295,3.19,,,,,
HD 37124 d,HD 37124,,843.6,1.64,,,,,
HD 37605 b,HD 37605,,55,0.25,,,,,
HD 37605 c,HD 37605,,2720,3.814,,,,,
HD 38283 b,HD 38283,,363.2,1.02,,,108.058,,
HD 38529 b,HD 38529,,14.3098,0.131,,,,,
HD 38529 c,HD 38529,,2140.2,3.712,,,,,
HD 38801 b,HD 38801,,696.3,1.7,,,,,
HD 39091 b,HD 39091,,2063.818,3.29,,,,,
HD 40307 b,HD 40307,,4.3123,0.0468,,,,,
HD 40307 c,HD 40307,,9.6184,0.0799,,,,,
HD 40307 d,HD 40307,,20.432,0.1321,,,,,
HD 40307 e,HD 40307,,34.62,0.1886,,,,,
HD 40307 f,HD 40307,,51.76,0.247,,,,,
HD 40307 g,HD 40307,,197.8,0.6,,,,,
HD 40979 b,HD 40979,,264.15,0.846,,,,,
HD 41004 A b,HD 41004 A,,963,,,,,,
HD 41004 B b,HD 41004 B,,1.3283,,,,,,
HD 43197 b,HD 43197,,327.8,0.92,,,,,
HD 43691 b,HD 43691,,36.96,0.24,,,,,
HD 44219 b,HD 44219,,472.3,1.19,,,,,
HD 45364 b,HD 45364,,226.93,0.6813,,,,,
HD 45364 c,HD 45364,,342.85,0.8972,,,,,
HD 45350 b,HD 45350,,963.6,1.92,,,,,
HD 45652 b,HD 45652,,43.6,0.23,,,,,
HD 46375 b,HD 46375,,3.023573,0.0398,,,,,
HD 47186 b,HD 47186,,4.0845,0.05,,,,,
HD 47186 c,HD 47186,,1353.6,2.395,,,,,
HD 47536 b,HD 47536,,712.13,1.93,,,,,
HD 48265 b,HD 48265,,762,1.6,,,,,
HD 49674 b,HD 49674,,4.94737,0.058,,,,,
HD 50499 b,HD 50499,,2482.7,3.86,,,,,
HD 50554 b,HD 50554,,1293,2.353,,,,,
HD 52265 b,HD 52265,,119.6,0.5,,405,,,
HD 60532 b,HD 60532,,201.3,0.759,,,,,
HD 60532 c,HD 60532,,604,1.58,,,,,
HD 62509 b,HD 62509,,589.64,1.64,,,,,
HD 63454 b,HD 63454,,2.818049,0.0368,,,,12.31,0.113
HD 63765 b,HD 63765,,358,0.94,,,,,
HD 65216 b,HD 65216,,572.4,1.3,,,,,
HD 65216 c,HD 65216,,152.6,0.54,,,,,
HD 66141 b,HD 66141,,480.5,1.2,,,,,
HD 66428 b,HD 66428,,1973,3.18,,,,,
HD 67087 b,HD 67087,,352.2,1.08,,,,,
HD 67087 c,HD 67087,,2374,3.86,,,,,
HD 68988 b,HD 68988,,6.27711,0.0704,,,,,
HD 69830 b,HD 69830,,8.667,0.0785,,,,,
HD 69830 c,HD 69830,,31.56,0.186,,,,,
HD 69830 d,HD 69830,,197,0.63,,,,,
HD 70573 b,HD 70573,,851.8,1.76,,,,,
HD 70642 b,HD 70642,,2068,3.23,,,,,
HD 72659 b,HD 72659,,3383,4.511,,,,,
HD 73256 b,HD 73256,,2.54858,0.037,,,,,
HD 73267 b,HD 73267,,1260,2.198,,,,,
HD 73526 b,HD 73526,,188.9,0.65,,,,,
HD 73526 c,HD 73526,,379.1,1.03,,,,,
HD 73534 b,HD 73534,,1770,3.067,,,,,
HD 74156 b,HD 74156,,51.645,0.292,,,,,
HD 74156 c,HD 74156,,2473,3.85,,,,,
HD 75289 b,HD 75289,,3.509267,0.0482,,,,,
HD 75784 b,HD 75784,,341.7,1.073,,,,,
HD 75898 b,HD 75898,,418.2,1.19,,,,,
HD 76700 b,HD 76700,,3.971,0.049,,,,,
HD 77338 b,HD 77338,,5.7361,0.0614,,,15.9,,
HD 79498 b,HD 79498,,1966.1,3.13,,,,,
HD 80606 b,HD 80606,0.4958,111.4357,0.449,,,1252.2,10.98,0.101
HD 81040 b,HD 81040,,1001.7,1.94,,,,,
HD 81688 b,HD 81688,,184.02,0.81,,,,,
HD 82943 b,HD 82943,,441.47,1.18306,,,534.25,,
HD 82943 c,HD 82943,,220.078,0.74345,,,622.603,,
HD 82886 b,HD 82886,,705,1.65,,,,,
HD 83443 b,HD 83443,,2.985698,0.0406,,,,,
HD 85390 b,HD 85390,,788,1.52,,,,,
HD 85512 b,HD 85512,,58.43,0.26,,298,,,
HD 86081 b,HD 86081,,2.1375,0.035,,,,,
HD 86226 b,HD 86226,,1695,2.84,,,,,
HD 86264 b,HD 86264,,1475,2.86,,,,,
HD 87883 b,HD 87883,,2754,3.6,,,,,
HD 88133 b,HD 88133,,3.41587,0.0472,,,,,
HD 89307 b,HD 89307,,2157,3.27,,,,,
HD 89744 b,HD 89744,,256.78,0.918,,,,,
HD 90156 b,HD 90156,,49.77,0.25,,,,,
HD 92788 b,HD 92788,,325.81,0.97,,,,,
HD 93083 b,HD 93083,,143.58,0.477,,,,,
HD 95086 b,HD 95086,,,55.7,,1000,1589,,
HD 95089 b,HD 95089,,507,1.51,,,,,
HD 95127 b,HD 95127,,482,1.28,,,,,
HD 96063 b,HD 96063,,361.1,0.99,,,,,
HD 96167 b,HD 96167,,498.9,1.3,,,,,
HD 96127 b,HD 96127,,647.3,1.4,,,,,
HD 97658 b,HD 97658,0.1187,9.4903,0.08,3.9,757,7.55,2.247,0.021
HD 98219 b,HD 98219,,436.9,1.23,,,,,
HD 98649 b,HD 98649,,4951,5.6,,,,,
HD 99109 b,HD 99109,,439.3,1.105,,,,,
HD 99492 b,HD 99492,,17.054,0.12186,,,,,
HD 99492 c,HD 99492,,4970,5.4,,,,,
HD 99706 b,HD 99706,,868,2.14,,,,,
HD 100546 b,HD 100546,,,53,,932,,77.342,0.709
HD 100655 b,HD 100655,,157.57,0.76,,,,,
HD 100777 b,HD 100777,,383.7,1.03,,,,,
HD 101930 b,HD 101930,,70.46,0.302,,,,,
HD 102117 b,HD 102117,,20.8133,0.1532,,,,,
HD 102195 b,HD 102195,,4.113775,,,,,,
HD 102272 b,HD 102272,,127.58,0.614,,,,,
HD 102365 b,HD 102365,,122.1,0.46,,,,,
HD 102329 b,HD 102329,,778.1,2.03,,,,,
HD 102956 b,HD 102956,,6.495,0.081,,,,,
HD 103197 b,HD 103197,,47.84,0.249,,,,,
HD 103720 b,HD 103720,,4.5557,0.0498,,,,,
HD 103774 b,HD 103774,,5.8881,0.07,,,,,
HD 104067 b,HD 104067,,55.806,0.2643,,,,,
HD 104985 b,HD 104985,,199.505,0.95,,,,,
HD 106252 b,HD 106252,,1531,2.611,,,,,
HD 106270 b,HD 106270,,2890,4.3,,,,,
HD 106515 A b,HD 106515 A,,3630,4.59,,,,,
HD 106906 b,HD 106906,,,650,,1800,3496,,
HD 107148 b,HD 107148,,48.056,0.269,,,,,
HD 108147 b,HD 108147,,10.8985,0.102,,,,,
HD 108341 b,HD 108341,,1129,2,,,,,
HD 108863 b,HD 108863,,443.4,1.4,,,,,
HD 108874 b,HD 108874,,395.8,1.038,,,,,
HD 108874 c,HD 108874,,1624,2.659,,,,,
HD 109246 b,HD 109246,,68.27,0.33,,,,,
HD 109271 b,HD 109271,,7.8543,0.079,,,,,
HD 109271 c,HD 109271,,30.93,0.196,,,,,
HD 109749 b,HD 109749,,5.24,0.0635,,,,,
HD 110014 b,HD 110014,,835.477,2.14,,,,,
HD 111232 b,HD 111232,,1143,1.97,,,,,
HD 113337 b,HD 113337,,324,0.92,,,,,
HD 113538 b,HD 113538,,663.2,1.24,,,,,
HD 113538 c,HD 113538,,1818,2.44,,,,,
HD 114386 b,HD 114386,,937.7,1.65,,,,,
HD 114613 b,HD 114613,,3827,5.16,,,,,
HD 114762 b,HD 114762,,83.888,0.363,,,,,
HD 114783 b,HD 114783,,493.7,1.16,,,,,
HD 114729 b,HD 114729,,1114,2.11,,,,,
HD 116029 b,HD 116029,,670,1.78,,,,,
HD 117207 b,HD 117207,,2597,3.79,,,,,
HD 117618 b,HD 117618,,25.827,0.176,,,,,
HD 118203 b,HD 118203,,6.1335,0.07,,,,,
HD 120084 b,HD 120084,,2082,4.3,,,,,
HD 121504 b,HD 121504,,63.33,0.33,,,,,
HD 125612 b,HD 125612,,559.4,1.37,,,,,
HD 125612 c,HD 125612,,4.1547,0.05,,,,,
HD 125612 d,HD 125612,,3008,4.2,,,,,
HD 125595 b,HD 125595,,9.6737,0.0809,,,,,
HD 126614 b,HD 126614,,1244,2.35,,,,,
HD 128311 b,HD 128311,,453.019,1.084,,,,,
HD 128311 c,HD 128311,,921.538,1.74,,,1204.207,,
HD 129445 b,HD 129445,,1840,2.9,,,,,
HD 130322 b,HD 130322,,10.70871,0.0925,,,,,
HD 131496 b,HD 131496,,883,2.09,,,,,
HD 132406 b,HD 132406,,974,1.98,,,,,
HD 132563 b,HD 132563,,1544,2.62,,,,,
HD 131664 b,HD 131664,,1951,3.17,,,,,
HD 134987 b,HD 134987,,258.19,0.81,,,,,
HD 134987 c,HD 134987,,5000,5.8,,,,,
HD 136418 b,HD 136418,,464.3,1.32,,,,,
HD 139357 b,HD 139357,,1125.7,2.36,,,,,
HD 137388 A b,HD 137388 A,,330,0.89,,,,,
HD 141937 b,HD 141937,,653.22,1.52,,,,,
HD 142245 b,HD 142245,,1299,2.77,,,,,
HD 142415 b,HD 142415,,386.3,1.05,,,,,
HD 143361 b,HD 143361,,1057,2,,,,,
HD 145457 b,HD 145457,,176.3,0.76,,,,,
HD 142022 A b,HD 142022 A,,1928,3.03,,,,,
HD 145377 b,HD 145377,,103.95,0.45,,,,,
HD 145934 b,HD 145934,,2730,4.6,,,,,
HD 147018 b,HD 147018,,44.236,0.2388,,,,,
HD 147018 c,HD 147018,,1008,1.922,,,,,
HD 147513 b,HD 147513,,528.4,1.32,,,,,
HD 148156 b,HD 148156,,1027,2.45,,,,,
HD 148427 b,HD 148427,,331.5,0.93,,,,,
HD 149026 b,HD 149026,0.135,2.8758911,,0.85,,116.957,9.113,0.084
HD 149143 b,HD 149143,,4.072,0.053,,,,,
HD 150706 b,HD 150706,,5894,6.7,,,,,
HD 152079 b,HD 152079,,2097,3.2,,,,,
HD 152581 b,HD 152581,,689,1.48,,,,,
HD 153950 b,HD 153950,,499.4,1.28,,,,,
HD 154345 b,HD 154345,,3342,4.19,,,,,
HD 154672 b,HD 154672,,163.9,0.6,,,,,
HD 154857 b,HD 154857,,408.6,1.291,,,,,
HD 154857 c,HD 154857,,3452,5.36,,,,,
HD 155358 b,HD 155358,,194.3,0.64,,,,,
HD 155358 c,HD 155358,,391.9,1.02,,,,,
HD 156279 b,HD 156279,,131.05,0.495,,,,,
HD 156411 b,HD 156411,,842.2,1.88,,,,,
HD 156668 b,HD 156668,,4.6455,0.05,,,,,
HD 156846 b,HD 156846,,359.5546,1.096,,,,,
HD 158038 b,HD 158038,,521,1.52,,,,,
HD 159243 b,HD 159243,,12.62,0.11,,,,,
HD 159243 c,HD 159243,,248.4,0.8,,,,,
HD 159868 b,HD 159868,,1178.4,2.25,,,,,
HD 159868 c,HD 159868,,352.3,1,,,,,
HD 160691 b,HD 160691,,643.25,1.497,,,,,
HD 160691 c,HD 160691,,4205.8,5.235,,,,,
HD 160691 d,HD 160691,,9.6386,0.09094,,,,,
HD 160691 e,HD 160691,,310.55,0.921,,,,,
HD 162020 b,HD 162020,,8.428198,0.074,,,,,
HD 163607 b,HD 163607,,75.29,0.36,,,,,
HD 163607 c,HD 163607,,1314,2.42,,,,,
HD 164509 b,HD 164509,,282.4,0.875,,,,,
HD 164922 b,HD 164922,,1155,2.11,,,,,
HD 164604 b,HD 164604,,606.4,1.3,,,,,
HD 166724 b,HD 166724,,5144,5.42,,,,,
HD 167042 b,HD 167042,,420.77,1.32,,,,,
HD 168443 b,HD 168443,,58.11247,0.2931,,,,,
HD 168443 c,HD 168443,,1749.83,2.8373,,,,,
HD 168746 b,HD 168746,,6.404,0.0659,,,,,
HD 169830 b,HD 169830,,225.62,0.81,,,,,
HD 169830 c,HD 169830,,2102,3.6,,,,,
HD 170469 b,HD 170469,,1145,2.1,,,,,
HD 171028 b,HD 171028,,550,1.32,,,,,
HD 171238 b,HD 171238,,1523,2.54,,,,,
HD 173416 b,HD 173416,,323.6,1.16,,,,,
HD 175167 b,HD 175167,,1290,2.4,,,,,
HD 175541 b,HD 175541,,297.3,1.03,,,,,
HD 177830 b,HD 177830,,406.6,1.2218,,,,,
HD 177830 c,HD 177830,,110.9,0.5137,,,,,
HD 178911 B b,HD 178911 B,,71.484,0.339,,,,,
HD 179079 b,HD 179079,,14.476,0.1216,,,,,
HD 179949 b,HD 179949,,3.092514,0.0443,,,,,
HD 180314 b,HD 180314,,396.03,1.4,,,6991.97,,
HD 180902 b,HD 180902,,479,1.39,,,,,
HD 181342 b,HD 181342,,663,1.78,,,,,
HD 181433 b,HD 181433,,9.3743,0.08,,,,,
HD 181433 c,HD 181433,,962,1.76,,,,,
HD 181433 d,HD 181433,,2172,3,,,,,
HD 181720 b,HD 181720,,956,1.78,,,,,
HD 183263 b,HD 183263,,626.5,1.51,,,,,
HD 183263 c,HD 183263,,3070,4.35,,,,,
HD 185269 b,HD 185269,,6.838,0.077,,,,,
HD 187085 b,HD 187085,,986,2.05,,,,,
HD 187123 b,HD 187123,,3.0965828,0.0426,,,,,
HD 187123 c,HD 187123,,3810,4.89,,,,,
HD 188015 b,HD 188015,,461.2,1.203,,,,,
HD 189733 b,HD 189733,,2.21857578,0.03142,1.004,1191,365.489,12.902,0.118
HD 190360 b,HD 190360,,2915,4.01,,,,,
HD 190360 c,HD 190360,,17.111,0.1304,,,,,
HD 190647 b,HD 190647,,1038.1,2.07,,,,,
HD 190984 b,HD 190984,,4885,5.5,,,,,
HD 192263 b,HD 192263,,24.3556,0.1532,,,,,
HD 192310 b,HD 192310,,74.72,0.32,,355,,,
HD 192310 c,HD 192310,,525.8,1.18,,185,,,
HD 192699 b,HD 192699,,345.53,1.15,,,,,
HD 195019 b,HD 195019,,18.20132,0.1388,,,,,
HD 196050 b,HD 196050,,1378,2.54,,,,,
HD 196067 b,HD 196067,,3638,5.02,,,,,
HD 196885 b,HD 196885,,1333,2.37,,,,,
HD 197037 b,HD 197037,,1035.7,2.07,,,,,
HD 200964 b,HD 200964,,613.8,1.601,,,,,
HD 200964 c,HD 200964,,825,1.95,,,,,
HD 202206 b,HD 202206,,255.87,0.8304,,,,,
HD 202206 c,HD 202206,,1383.4,2.542,,,,,
HD 203030 b,HD 203030,,,487.1,,1206,7656.097,,
HD 204313 b,HD 204313,,1920.1,3.04,,,,,
HD 204313 d,HD 204313,,2831.6,3.93,,,,,
HD 204941 b,HD 204941,,1733,2.56,,,,,
HD 205739 b,HD 205739,,279.8,0.896,,,,,
HD 206610 b,HD 206610,,610,1.68,,,,,
HD 207832 b,HD 207832,,161.97,0.57,,,177.977,,
HD 207832 c,HD 207832,,1155.7,2.112,,,232.006,,
HD 208527 b,HD 208527,,875.5,2.1,,,,,
HD 208487 b,HD 208487,,130.08,0.524,,,,,
HD 209458 b,HD 209458,,3.52474859,0.04747,0.362,1459,226.921,15.468,0.142
HD 210277 b,HD 210277,,442.19,1.138,,,,,
HD 210702 b,HD 210702,,354.8,1.2,,,603.852,,
HD 212771 b,HD 212771,,373.3,1.22,,,,,
HD 212301 b,HD 212301,,2.245715,0.036,,,,,
HD 213240 b,HD 213240,,951,2.03,,,,,
HD 215497 b,HD 215497,,3.93404,0.047,,,,,
HD 215497 c,HD 215497,,567.94,1.282,,,,,
HD 216435 b,HD 216435,,1311,2.56,,,,,
HD 216437 b,HD 216437,,1294,2.7,,,,,
HD 216536 b,HD 216536,,148.6,0.609,,,,,
HD 216770 b,HD 216770,,118.45,0.46,,,,,
HD 217107 b,HD 217107,,7.126816,0.0748,,,,,
HD 217107 c,HD 217107,,4270,5.32,,,,,
HD 217786 b,HD 217786,,1319,2.38,,,,,
HD 218566 b,HD 218566,,225.7,0.6873,,,,,
HD 219077 b,HD 219077,,5501,6.22,,,,,
HD 219415 b,HD 219415,,2093.3,3.2,,,317.817,,
HD 219828 b,HD 219828,,3.8335,,,,,,
HD 220074 b,HD 220074,,672.1,1.6,,,,,
HD 220689 b,HD 220689,,2209,3.36,,,,,
HD 220773 b,HD 220773,,3724.7,4.94,,,,,
HD 221287 b,HD 221287,,456.1,1.25,,,,,
HD 222155 b,HD 222155,,3999,5.1,,,,,
HD 222582 b,HD 222582,,572.38,1.347,,,,,
HD 224693 b,HD 224693,,26.73,0.192,,,,,
HD 231701 b,HD 231701,,141.6,0.53,,,,,
HD 233604 b,HD 233604,,192,0.747,,,,,
HD 240210 b,HD 240210,,501.75,1.16,,,,,
HD 240237 b,HD 240237,,745.7,1.9,,,,,
HD 290327 b,HD 290327,,2443,3.43,,,,,
HD 285968 b,HD 285968,,8.7836,0.066,,450,,,
HD 285507 b,HD 285507,,6.0881,,,,,,
HD 330075 b,HD 330075,,3.38773,0.039,,990,,,
HIP 5158 b,HIP 5158,,345.72,0.89,,,,,
HIP 5158 c,HIP 5158,,9017.8,7.7,,,4779.96,,
HIP 12961 b,HIP 12961,,57,,,,,,
HIP 14810 b,HIP 14810,,6.673855,0.0692,,,,,
HIP 14810 c,HIP 14810,,147.73,0.545,,,,,
HIP 14810 d,HIP 14810,,952,1.89,,,,,
HIP 57050 b,HIP 57050,,41.397,0.163506,,,,,
HIP 57274 b,HIP 57274,0.1283333,8.1352,0.07,,,,,
HIP 57274 c,HIP 57274,0.245,32.03,0.178,,,,,
HIP 57274 d,HIP 57274,,431.7,1.01,,,,,
HIP 63510 c,HIP 63510,,,1168,,,1997.59,13.675,0.125
HIP 63242 b,HIP 63242,,124.6,0.565,,,,,
HIP 67851 b,HIP 67851,,89.06,0.426,,,,,
HIP 67851 c,HIP 67851,,1626,2.96,,,,,
HIP 70849 b,HIP 70849,,17337.5,20.25,,,,,
HIP 75458 b,HIP 75458,,511.098,1.275,,,,,
HIP 78530 b,HIP 78530,,,740,,2700,7300,,
HIP 79431 b,HIP 79431,,111.7,0.36,,,,,
HIP 91258 b,HIP 91258,,5.0505,0.057,,,,,
HIP 97233 b,HIP 97233,,1058.8,2.55,,,,,
HIP 105854 b,HIP 105854,,184.2,0.81,,,,,
HIP 116454 b,HIP 116454,,9.1205,0.0906,4.17,690,11.82,2.53,0.023
HR 810 b,HR 810,,311.288,0.91,,,,,
HR 8799 b,HR 8799,,170000,68,,,2000,13,0.12
HR 8799 c,HR 8799,,69000,38,,,3000,13,0.12
HR 8799 d,HR 8799,,37000,24,,,3000,13,0.12
HR 8799 e,HR 8799,,18000,14.5,,,,,
K2-3 b,K2-3,0.1064,10.05403,0.0769,,800,,2.14,0.02
K2-3 c,K2-3,0.1428,24.6454,0.1399,,450,,1.72,0.016
K2-3 d,K2-3,0.1658,44.5631,0.2076,,300,,1.52,0.014
KELT-1 b,KELT-1,0.11519,1.217514,0.02466,24.7,,8654.15,12.442,0.114
KELT-2 A b,KELT-2 A,0.2155,4.1137912,0.05496,,,483.717,14.415,0.132
KELT-3 b,KELT-3,0.1313,2.7033904,0.04122,0.75,1816,469.415,15.076,0.138
KELT-6 b,KELT-6,0.23,7.8457,0.07939,0.311,1313,136.661,13.372,0.123
TrES-2 b,TrES-2,,2.47063,0.03556,0.77,,381.1,14.258,0.131
HAT-P-7 b,HAT-P-7,0.1685,2.204737,0.0377,,2733,564.442,15.043,0.138
HAT-P-11 b,HAT-P-11,0.0957,4.8878162,0.053,1.33,878,25.743,4.73,0.043
Kepler-4 b,Kepler-4,,3.21346,0.0456,1.91,1650,24.472,4.002,0.037
Kepler-5 b,Kepler-5,,3.54846,0.05064,0.894,1868,671.864,16.04,0.147
Kepler-6 b,Kepler-6,,3.234723,0.04567,0.352,1500,212.619,14.83,0.136
Kepler-7 b,Kepler-7,0.1929,4.885525,0.06224,0.166,1540,137.615,16.567,0.152
Kepler-8 b,Kepler-8,,3.52254,0.0483,0.261,1764,191.643,15.906,0.146
Kepler-9 b,Kepler-9,0.15927,19.24,0.14,0.524,,80.09,9.438,0.087
Kepler-9 c,Kepler-9,0.17121,38.91,0.225,0.383,,54.347,9.225,0.085
Kepler-9 d,Kepler-9,0.0821,1.592851,0.0273,,2026,,1.64,0.015
Kepler-10 b,Kepler-10,0.0755,0.8374907,0.01685,5.8,2169,3.33,1.47,0.013
Kepler-10 c,Kepler-10,0.2874,45.294301,,7.1,584,17.2,2.35,0.022
Kepler-11 b,Kepler-11,0.1715,10.3039,0.091,1.72,,1.9,1.8,0.017
Kepler-11 c,Kepler-11,0.1893,13.0241,0.107,0.66,,2.9,2.87,0.026
Kepler-11 d,Kepler-11,0.2328,22.6845,0.155,1.28,,7.3,3.12,0.029
Kepler-11 e,Kepler-11,0.1735,31.9996,0.195,0.58,,8,4.19,0.038
Kepler-11 f,Kepler-11,0.268,46.6888,0.25,0.69,,2,2.49,0.023
Kepler-11 g,Kepler-11,0.3945,118.3807,0.466,4,,25,3.33,0.03
Kepler-12 b,Kepler-12,0.19573,4.4379637,0.0556,0.111,,136.979,18.999,0.174
KOI-13 b,KOI-13,0.1319,1.7635877,0.037,,3320,,22.77,0.21
Kepler-14 b,Kepler-14,0.2591,6.790123,,7.1,,2669.66,12.733,0.117
Kepler-15 b,Kepler-15,0.1458,4.942782,0.05714,0.93,,209.76,10.76,0.099
Kepler-16 b,Kepler-16,,228.776,0.7048,0.964,,105.833,8.449,0.077
Kepler-17 b,Kepler-17,0.09485,1.4857108,0.02591,1.35,1570,778.65,14.68,0.135
Kepler-18 b,Kepler-18,0.0865,3.504725,0.0447,4.9,,6.9,2,0.018
Kepler-18 c,Kepler-18,0.0145,7.64159,0.0752,0.59,,17.3,5.49,0.05
Kepler-18 d,Kepler-18,0.1533,14.85888,0.1172,0.27,,16.4,6.98,0.064
Kepler-19 b,Kepler-19,0.1402,9.2869944,,10.4,,20.3,2.209,0.02
Kepler-19 c,Kepler-19,,160,,,,1906.9,,
Kepler-20 b,Kepler-20,,3.6961219,0.04537,6.5,1014,8.7,1.91,0.018
Kepler-20 c,Kepler-20,,10.854092,0.093,2.91,713,16.1,3.07,0.028
Kepler-20 d,Kepler-20,,77.61184,0.3453,4.07,369,20.1,2.75,0.025
Kepler-20 e,Kepler-20,,6.098493,,,1040,3.08,0.868,0.008
Kepler-20 f,Kepler-20,,19.57706,,,705,14.3,1.03,0.009
Kepler-21 b,Kepler-21,0.143278,2.785755,0.042507,12.9,1956,10.4,1.635,0.015
Kepler-22 b,Kepler-22,0.309,289.8623,0.849,14.7,262,36,2.38,0.022
Kepler-23 b,Kepler-23,0.1988,7.1073,0.075,,,254.3,1.9,0.017
Kepler-23 c,Kepler-23,0.2554,10.7421,0.099,,,858.1,3.2,0.029
Kepler-23 d,Kepler-23,0.2539,15.274299,0.124,,,,2.2,0.02
Kepler-24 b,Kepler-24,0.1675,8.1453,0.08,,,508.5,2.4,0.022
Kepler-24 c,Kepler-24,0.1546,12.3335,0.106,,,508.5,2.8,0.026
Kepler-24 d,Kepler-24,0.1227,4.244384,0.051,,,,1.67,0.015
Kepler-24 e,Kepler-24,0.1235,18.998355,0.138,,,,2.78,0.025
Kepler-25 b,Kepler-25,0.1492,6.2385,0.068,,,4036.3,2.6,0.024
Kepler-25 c,Kepler-25,0.1204,12.7204,0.11,,,1322.12,4.5,0.041
Kepler-25 d,Kepler-25,,123,,,,89.9,,
Kepler-26 b,Kepler-26,0.1175,12.2829,0.085,,,120.77,3.6,0.033
Kepler-26 c,Kepler-26,0.0883,17.2513,0.107,,,119.181,3.6,0.033
Kepler-26 d,Kepler-26,0.0838,3.543919,0.039,,,,1.07,0.01
Kepler-26 e,Kepler-26,0.0868,46.827915,0.22,,,,2.41,0.022
Kepler-27 b,Kepler-27,0.1446,15.3348,0.118,,,2895.31,4,0.037
Kepler-27 c,Kepler-27,0.1979,31.3309,0.191,,,4385.87,4.9,0.045
Kepler-28 b,Kepler-28,0.1154,5.9123,0.062,,,479.9,3.6,0.033
Kepler-28 c,Kepler-28,0.1829,8.9858,0.081,,,432.23,3.4,0.031
Kepler-29 b,Kepler-29,0.117,10.3376,0.09,,,127.1,3.6,0.033
Kepler-29 c,Kepler-29,0.127,13.2907,0.11,,,95.3,2.9,0.027
Kepler-30 b,Kepler-30,,29.33434,0.18,1.02,,11.3,3.9,0.036
Kepler-30 c,Kepler-30,,60.323105,0.3,1.88,,640,12.3,0.113
Kepler-30 d,Kepler-30,,143.34394,0.5,0.19,,23.1,8.8,0.081
Kepler-31 b,Kepler-31,0.208,20.8613,0.16,,,,5.5,0.05
Kepler-31 c,Kepler-31,0.251,42.6318,0.26,,,1493.7,5.3,0.049
Kepler-31 d,Kepler-31,0.3665,87.648901,0.39,,,,4.56,0.042
Kepler-32 b,Kepler-32,0.088,5.90124,0.05,,,1303,2.2,0.02
Kepler-32 c,Kepler-32,0.097,8.7522,0.09,,,158.9,2,0.018
Kepler-32 d,Kepler-32,,22.7802,0.128,,340,,2.7,0.025
Kepler-32 e,Kepler-32,,2.896,0.0323,,680,,1.5,0.014
Kepler-32 f,Kepler-32,,0.74296,0.013,,1100,,0.81,0.007
Kepler-33 b,Kepler-33,0.2033,5.66793,0.0677,,,,1.74,0.016
Kepler-33 c,Kepler-33,0.2792,13.17562,0.1189,,,,3.2,0.029
Kepler-33 d,Kepler-33,0.3338,21.77596,0.1662,,,,5.35,0.049
Kepler-33 e,Kepler-33,0.3708,31.7844,0.2138,,,,4.02,0.037
Kepler-33 f,Kepler-33,0.4113,41.02902,0.2535,,,,4.46,0.041
Kepler-34 b,Kepler-34,,288.822,1.0896,0.613,,69.92,8.564,0.079
Kepler-35 b,Kepler-35,,131.458,0.60347,0.41,,40.363,8.16,0.075
Kepler-36 b,Kepler-36,0.2825,13.83989,0.1153,7.46,978,4.45,1.486,0.014
Kepler-36 c,Kepler-36,0.3101,16.23855,0.1283,0.89,928,8.08,3.679,0.034
Kepler-37 b,Kepler-37,,13.367308,0.1003,,,,0.303,0.003
Kepler-37 c,Kepler-37,,21.301886,0.1368,,,,0.742,0.007
Kepler-37 d,Kepler-37,,39.792187,0.2076,,,,1.99,0.018
Kepler-37 e,Kepler-37,,51.196,,,,,,
Kepler-38 b,Kepler-38,,105.599,0.4632,,475,122,4.3,0.039
Kepler-39 b,Kepler-39,0.2483,21.08721,0.164,13,897,6388.1,13.9,0.127
Kepler-40 b,Kepler-40,0.2858,6.87349,0.08,1.68,1620,699.2,13.11,0.12
Kepler-41 b,Kepler-41,0.1014,1.8555582,0.03101,0.33,1790,177.98,14.46,0.133
Kepler-42 b,Kepler-42,,1.2137672,0.0116,,519,,0.78,0.007
Kepler-42 c,Kepler-42,,0.45328509,0.006,,720,,0.73,0.007
Kepler-42 d,Kepler-42,,1.865169,0.0154,,450,,0.57,0.005
Kepler-43 b,Kepler-43,0.1208,3.02409309,0.0444,2.49,1628,994.77,13,0.119
Kepler-44 b,Kepler-44,0.1302,3.2467293,0.0446,0.93,1544,317.82,12.22,0.112
Kepler-45 b,Kepler-45,,2.455239,0.03,0.8,1000,160.497,10.76,0.099
Kepler-46 b,Kepler-46,,33.60134,0.1968,14,543,1907,9.057,0.083
Kepler-46 c,Kepler-46,,57.011,0.2799,,455,119.499,,
Kepler-46 d,Kepler-46,0.1082,6.766589,0.067,,,,1.64,0.015
Kepler-47 b,Kepler-47,,49.532,0.2962,,,636,3.03,0.028
Kepler-47 c,Kepler-47,,303.137,0.991,,,8899,4.62,0.042
Kepler-48 b,Kepler-48,0.1184,4.7779803,,,,1887.83,2.14,0.02
Kepler-48 c,Kepler-48,0.1459,9.6739283,,,,3689.85,3.14,0.029
Kepler-48 d,Kepler-48,,42.8961,,5.08,,7.93,2.04,0.019
Kepler-48 e,Kepler-48,,982,,,,657,,
Kepler-49 b,Kepler-49,0.124,7.2037945,,,,311.46,2.72,0.025
Kepler-49 c,Kepler-49,0.1191,10.9129343,,,,228.83,2.55,0.023
Kepler-49 d,Kepler-49,0.0665,2.576549,0.031,,,,1.6,0.015
Kepler-49 e,Kepler-49,0.0902,18.596108,0.116,,,,1.56,0.014
Kepler-50 b,Kepler-50,0.1583,7.81254,0.077,,,,1.71,0.016
Kepler-50 c,Kepler-50,0.0858,9.37647,0.087,,,,2.17,0.02
Kepler-51 b,Kepler-51,,45.154,0.2514,0.03,543,2.1,7.1,0.065
Kepler-51 c,Kepler-51,,85.312,0.384,0.03,439,4,9,0.083
KOI-620.02,Kepler-51,,130.194,0.509,0.046,381,7.6,9.7,0.089
Kepler-52 b,Kepler-52,0.1009,7.8773565,,,,2765,2.1,0.019
Kepler-52 c,Kepler-52,0.1302,16.3850021,,,,3308.41,1.84,0.017
Kepler-52 d,Kepler-52,0.173,36.445171,0.182,,,,1.95,0.018
Kepler-53 b,Kepler-53,0.1867,18.6489525,,,,5851,2.89,0.026
Kepler-53 c,Kepler-53,0.209,38.5583038,,,,,3.17,0.029
Kepler-53 d,Kepler-53,0.1746,9.751962,0.091,,,,2.12,0.019
Kepler-54 b,Kepler-54,0.1422,8.0109434,,,,292.39,2.1,0.019
Kepler-54 c,Kepler-54,0.2072,12.0717249,,,,117.59,1.23,0.011
Kepler-54 d,Kepler-54,0.1124,20.995694,0.126,,,,1.53,0.014
Kepler-55 b,Kepler-55,0.1456,27.9481449,,,,473.55,2.43,0.022
Kepler-55 c,Kepler-55,0.2109,42.1516418,,,,352.78,2.21,0.02
Kepler-55 d,Kepler-55,0.0685,2.211099,0.029,,,,1.59,0.015
Kepler-55 e,Kepler-55,0.0888,4.617534,0.048,,,,1.55,0.014
Kepler-55 f,Kepler-55,0.0905,10.198545,0.081,,,,1.59,0.015
Kepler-56 b,Kepler-56,,10.5016,0.1028,0.442,,22.1,6.51,0.06
Kepler-56 c,Kepler-56,,21.40239,0.1652,1.06,,181,9.8,0.09
Kepler-57 b,Kepler-57,0.0466,5.7293196,,,,5994.02,2.19,0.02
Kepler-57 c,Kepler-57,0.0711,11.6092567,,,,2208.83,1.55,0.014
Kepler-58 b,Kepler-58,0.1832,10.2184954,,,,441.77,2.78,0.025
Kepler-58 c,Kepler-58,0.2126,15.5741568,,,,696.02,2.86,0.026
Kepler-58 d,Kepler-58,0.2268,40.101371,0.236,,,,2.94,0.027
Kepler-59 b,Kepler-59,0.249,11.8681707,,,,651.52,1.1,0.01
Kepler-59 c,Kepler-59,0.1719,17.9801235,,,,435.41,1.98,0.018
Kepler-60 b,Kepler-60,0.173,7.1316185,,,,79.45,2.28,0.021
Kepler-60 c,Kepler-60,0.1836,8.9193459,,,,177.98,2.47,0.023
Kepler-60 d,Kepler-60,0.1244,11.9016171,,,,216.12,2.55,0.023
Kepler-61 b,Kepler-61,0.2019,59.87756,,,273,,2.15,0.02
Kepler-62 b,Kepler-62,0.0963,5.714932,0.0553,,750,9,1.31,0.012
Kepler-62 c,Kepler-62,0.1258,12.4417,0.0929,,578,4,0.54,0.005
Kepler-62 d,Kepler-62,0.1238,18.16406,0.12,,510,14,1.95,0.018
Kepler-62 e,Kepler-62,0.2883,122.3874,0.427,,270,36,1.61,0.015
Kepler-62 f,Kepler-62,0.3108,267.291,0.718,,208,35,1.41,0.013
Kepler-63 b,Kepler-63,0.121,9.4341505,0.08,3,,120,6.11,0.056
PH1 b,KOI-6464,,138.317,0.652,,481,169,6.18,0.057
Kepler-65 b,Kepler-65,0.1282,2.15491,0.035,,,,1.42,0.013
Kepler-65 c,Kepler-65,0.1637,5.859944,0.068,,,,2.58,0.024
Kepler-65 d,Kepler-65,0.1708,8.13123,0.084,,,,1.52,0.014
Kepler-66 b,Kepler-66,,17.815815,0.1352,,,,2.8,0.026
Kepler-67 b,Kepler-67,,15.7259,0.1171,,,,2.94,0.027
Kepler-68 b,Kepler-68,0.1441,5.398763,0.0617,3.32,1280,8.3,2.31,0.021
Kepler-68 c,Kepler-68,0.1288,9.605085,0.09059,28,,4.8,0.953,0.009
Kepler-68 d,Kepler-68,,580,1.4,,,,,
Kepler-69 b,Kepler-69,,13.722341,0.094,,779,,2.24,0.021
Kepler-69 c,Kepler-69,,242.4613,0.64,,299,,1.71,0.016
KOI-55 b,KOI-55,,0.240104,0.006,,,0.44,0.759,0.007
KOI-55 c,KOI-55,,0.342887,0.0076,,,0.655,0.867,0.008
KOI-217 b,KOI-217,,3.90512,0.0477,,,,12.442,0.114
Kepler-74 b,Kepler-74,0.1284,7.340711,0.0781,0.88,1078,200.22,10.76,0.099
Kepler-75 b,Kepler-75,0.0866,8.8849116,0.0818,11,767,3209.9,11.77,0.108
Kepler-76 b,Kepler-76,,1.54492875,,,,635.63,14.01,0.128
Kepler-77 b,Kepler-77,0.12224,3.57878087,0.04501,0.603,1440,136.661,10.761,0.099
Kepler-78 b,Kepler-78,,0.355,,5.57,2250,1.86,1.173,0.011
Kepler-79 b,Kepler-79,,13.4845,0.117,1.43,,10.9,3.47,0.032
Kepler-79 c,Kepler-79,,27.4029,0.187,0.62,,5.9,3.72,0.034
Kepler-79 d,Kepler-79,,52.0902,0.287,0.09,,6,7.16,0.066
Kepler-79 e,Kepler-79,,81.0659,0.386,0.53,,4.1,3.49,0.032
Kepler-80 b,Kepler-80,,7.053,,,,,2.64,0.024
Kepler-80 c,Kepler-80,,9.522,,,,,2.79,0.026
Kepler-80 d,Kepler-80,0.0829,3.072186,0.037,,,,1.74,0.016
Kepler-80 e,Kepler-80,0.0829,4.645387,0.049,,,,1.64,0.015
Kepler-81 b,Kepler-81,,5.955,,,,,2.42,0.022
Kepler-81 c,Kepler-81,,12.04,,,,,2.37,0.022
Kepler-81 d,Kepler-81,0.1071,20.837846,0.128,,,,1.21,0.011
Kepler-82 b,Kepler-82,,26.444,,,,,4,0.037
Kepler-82 c,Kepler-82,,51.538,,,,,5.35,0.049
Kepler-82 d,Kepler-82,0.0844,2.382961,0.034,,,,1.77,0.016
Kepler-82 e,Kepler-82,0.1178,5.902206,0.063,,,,2.47,0.023
Kepler-83 b,Kepler-83,,9.77,,,,,2.83,0.026
Kepler-83 c,Kepler-83,,20.09,,,,,2.36,0.022
Kepler-83 d,Kepler-83,0.0901,5.169796,0.051,,,,1.94,0.018
Kepler-84 b,Kepler-84,,8.726,,,,,2.23,0.021
Kepler-84 c,Kepler-84,,12.883,,,,,2.36,0.022
Kepler-84 d,Kepler-84,0.1322,4.224537,0.052,,,,1.38,0.013
Kepler-84 e,Kepler-84,0.2134,27.434389,0.181,,,,2.6,0.024
Kepler-84 f,Kepler-84,0.2442,44.552169,0.25,,,,2.2,0.02
Kepler-85 b,Kepler-85,,8.306,,,,,1.97,0.018
Kepler-85 c,Kepler-85,,12.513,,,,,2.18,0.02
Kepler-85 d,Kepler-85,0.1879,17.91323,0.13,,,,1.2,0.011
Kepler-85 e,Kepler-85,0.1701,25.216751,0.163,,,,1.27,0.012
PH2 b,PH2,0.4375,282.5255,0.828,,281,,10.12,0.093
Kepler-87 b,Kepler-87,,114.73635,0.481,0.729,478,324.2,13.49,0.124
Kepler-87 c,Kepler-87,,191.2318,0.676,0.152,403,6.4,6.14,0.056
KOI-142 b,KOI-142,0.1367,10.95416,,0.87,,8.7,3.78,0.035
KOI-142 c,KOI-142,,22.3395,0.15525,,,198.8,,
KOI-94 b,KOI-94,,3.743208,0.05119,10.1,1486,10.5,1.71,0.016
KOI-94 c,KOI-94,,10.423648,0.1013,0.91,1012,15.6,4.32,0.04
KOI-94 d,KOI-94,,22.342989,0.1684,0.363,806,106,11.27,0.103
KOI-94 e,KOI-94,,54.32031,0.3046,0.6,584,35,6.56,0.06
KOI-351 b,KOI-351,0.1663,7.008151,0.074,,,,1.31,0.012
KOI-351 c,KOI-351,0.1838,8.719375,0.089,,,,1.19,0.011
KOI-351 d,KOI-351,0.35,59.73667,0.32,,,,2.87,0.026
KOI-351 e,KOI-351,0.4046,91.93913,0.42,,,,2.66,0.024
KOI-351 f,KOI-351,0.4558,124.9144,0.48,,,,2.88,0.026
KOI-351 g,KOI-351,0.5247,210.60697,0.71,,,,8.1,0.074
KOI-351 h,KOI-351,0.614,331.60059,1.01,,,,11.3,0.104
Kepler-91 b,Kepler-91,,6.24668005,,,,209.76,15.69,0.144
Kepler-92 b,Kepler-92,,13.749,,,,64.3,3.51,0.032
Kepler-92 c,Kepler-92,,26.723,,,,6.1,2.6,0.024
Kepler-93 b,Kepler-93,,4.72673978,0.053,6.88,1037,4.02,1.478,0.014
Kepler-93 c,Kepler-93,,1460,,,,954,,
Kepler-94 b,Kepler-94,,2.50806,,1.45,,10.84,3.51,0.032
Kepler-94 c,Kepler-94,,820.3,,,,3126,,
Kepler-95 b,Kepler-95,,11.5231,,1.71,,13,3.42,0.031
Kepler-96 b,Kepler-96,,16.2385,,2.26,,8.46,2.67,0.025
Kepler-97 b,Kepler-97,,2.58664,,5.44,,3.51,1.48,0.014
Kepler-97 c,Kepler-97,,789,,,,344,,
Kepler-98 b,Kepler-98,,1.54168,,2.18,,3.55,1.99,0.018
Kepler-99 b,Kepler-99,,4.60358,,10.9,,6.15,1.48,0.014
Kepler-100 b,Kepler-100,,6.88705,,14.25,,7.34,1.32,0.012
Kepler-100 c,Kepler-100,,12.8159,,0.35,,0.85,2.2,0.02
Kepler-100 d,Kepler-100,,35.3331,,,,3,1.61,0.015
Kepler-101 b,Kepler-101,0.161,3.4876812,0.0474,1.45,1513,51.1,5.77,0.053
Kepler-101 c,Kepler-101,0.16,6.02976,0.0684,10.5,1413,3.78,1.25,0.011
Kepler-102 b,Kepler-102,,5.28696,,23.29,,0.41,0.47,0.004
Kepler-102 c,Kepler-102,,7.07142,,,,3,0.58,0.005
Kepler-102 d,Kepler-102,,10.3117,,13.27,,3.8,1.18,0.011
Kepler-102 e,Kepler-102,,16.1457,,4.68,,8.93,2.22,0.02
Kepler-102 f,Kepler-102,,27.4536,,4.92,,0.62,0.88,0.008
Kepler-103 b,Kepler-103,,15.9654,,1.38,,9.7,3.37,0.031
Kepler-103 c,Kepler-103,,179.612,,1.47,,36.1,5.14,0.047
Kepler-104 b,Kepler-104,0.1902,11.427548,0.094,,,,3.1,0.028
Kepler-104 c,Kepler-104,0.2447,23.668205,0.153,,,,3.13,0.029
Kepler-104 d,Kepler-104,0.311,51.755394,0.257,,,,3.58,0.033
Kepler-105 b,Kepler-105,0.1375,5.4122,0.066,,1418,,4.81,0.044
Kepler-105 c,Kepler-105,0.1168,7.125939,0.072,,,,1.61,0.015
Kepler-106 b,Kepler-106,,6.16486,,1.26,,0.15,0.82,0.007
Kepler-106 c,Kepler-106,,13.5708,,3.28,,10.44,2.5,0.023
Kepler-106 d,Kepler-106,,23.9802,,,,8.1,0.95,0.009
Kepler-106 e,Kepler-106,,43.8445,,3.1,,11.17,2.56,0.024
Kepler-107 b,Kepler-107,0.1455,3.179997,0.044,,,,1.56,0.014
Kepler-107 c,Kepler-107,0.175,4.901425,0.059,,,,1.81,0.017
Kepler-107 d,Kepler-107,0.1782,7.958203,0.082,,,,1.07,0.01
Kepler-107 e,Kepler-107,0.2745,14.749049,0.123,,,,3.45,0.032
Kepler-108 b,Kepler-108,0.4699,49.183921,0.292,,,,8.65,0.079
Kepler-108 c,Kepler-108,0.6542,190.323494,0.721,,,,8.18,0.075
Kepler-109 b,Kepler-109,,6.48163,,0.3,,1.3,2.37,0.022
Kepler-109 c,Kepler-109,,21.2227,,0.65,,2.22,2.52,0.023
Kepler-110 b,Kepler-110,0.1565,12.691112,0.107,,,,1.83,0.017
Kepler-110 c,Kepler-110,0.201,31.719775,0.198,,,,2.21,0.02
Kepler-111 b,Kepler-111,0.1154,3.341815,0.046,,,,1.58,0.015
Kepler-111 c,Kepler-111,0.4664,224.784608,0.761,,,,7.3,0.067
Kepler-112 b,Kepler-112,0.1452,8.408878,0.076,,,,2.36,0.022
Kepler-112 c,Kepler-112,0.2068,28.574263,0.172,,,,2.4,0.022
Kepler-113 b,Kepler-113,,4.754,,10.73,,11.7,1.82,0.017
Kepler-113 c,Kepler-113,,8.92507,,,,8.7,2.18,0.02
Kepler-114 b,Kepler-114,0.1015,5.188549,0.053,,,,1.26,0.012
Kepler-114 c,Kepler-114,,8.041,,,,2.8,1.6,0.015
Kepler-114 d,Kepler-114,,11.776,,,,3.9,2.53,0.023
Kepler-115 b,Kepler-115,0.0544,2.403679,0.036,,,,1.09,0.01
Kepler-115 c,Kepler-115,0.1701,8.990889,0.087,,,,2.6,0.024
Kepler-116 b,Kepler-116,0.1516,5.968734,0.069,,,,3.42,0.031
Kepler-116 c,Kepler-116,0.126,13.07163,0.116,,,,2.3,0.021
Kepler-117 b,Kepler-117,0.3024,18.7959228,0.1445,0.3,984,29.875,8.059,0.074
Kepler-117 c,Kepler-117,0.4535,50.790391,0.2804,1.74,704,584.78,12.341,0.113
Kepler-118 b,Kepler-118,0.119,7.518496,0.073,,,,1.96,0.018
Kepler-118 c,Kepler-118,0.1295,20.17202,0.141,,,,7.68,0.07
Kepler-119 b,Kepler-119,0.1072,2.422082,0.035,,,,3.6,0.033
Kepler-119 c,Kepler-119,0.1183,4.125103,0.049,,,,0.92,0.008
Kepler-120 b,Kepler-120,0.1212,6.312501,0.055,,,,2.15,0.02
Kepler-120 c,Kepler-120,0.1437,12.794585,0.088,,,,1.53,0.014
Kepler-121 b,Kepler-121,0.0615,3.177422,0.039,,,,2.34,0.021
Kepler-121 c,Kepler-121,0.1657,41.008011,0.216,,,,2.27,0.021
Kepler-122 b,Kepler-122,0.1602,5.766193,0.064,,,,2.34,0.021
Kepler-122 c,Kepler-122,0.211,12.465988,0.108,,,,5.87,0.054
Kepler-122 d,Kepler-122,0.1951,21.587475,0.155,,,,2.2,0.02
Kepler-122 e,Kepler-122,0.2981,37.993273,0.227,,,,2.6,0.024
Kepler-122 f,Kepler-122,,56.268,,,,36,1.75,0.016
Kepler-123 b,Kepler-123,0.1902,17.232366,0.135,,,,2.94,0.027
Kepler-123 c,Kepler-123,0.1887,26.695074,0.181,,,,1.48,0.014
Kepler-124 b,Kepler-124,0.0995,3.410493,0.039,,,,0.73,0.007
Kepler-124 c,Kepler-124,0.148,13.821375,0.1,,,,1.75,0.016
Kepler-124 d,Kepler-124,0.1748,30.950851,0.17,,,,1.11,0.01
Kepler-125 b,Kepler-125,0.0749,4.164389,0.041,,,,2.37,0.022
Kepler-125 c,Kepler-125,0.0782,5.774464,0.051,,,,0.74,0.007
Kepler-126 b,Kepler-126,0.2006,10.495711,0.099,,,,1.52,0.014
Kepler-126 c,Kepler-126,0.2283,21.869741,0.162,,,,1.58,0.015
Kepler-126 d,Kepler-126,0.4517,100.283134,0.448,,,,2.5,0.023
Kepler-127 b,Kepler-127,0.1431,14.435889,0.125,,,,1.4,0.013
Kepler-127 c,Kepler-127,0.296,29.393195,0.2,,,,2.66,0.024
Kepler-127 d,Kepler-127,0.2924,48.630408,0.28,,,,2.64,0.024
Kepler-128 b,Kepler-128,,15.09,,,,30.7,1.13,0.01
Kepler-128 c,Kepler-128,,22.804,,,,33.3,1.13,0.01
Kepler-129 b,Kepler-129,0.3032,15.79186,0.131,,,,2.37,0.022
Kepler-129 c,Kepler-129,0.4404,82.20017,0.393,,,,2.55,0.023
Kepler-130 b,Kepler-130,0.1353,8.457458,0.079,,,,1.02,0.009
Kepler-130 c,Kepler-130,0.2542,27.50868,0.178,,683,,2.9,0.027
Kepler-130 d,Kepler-130,0.076,87.517905,0.377,,,,1.64,0.015
Kepler-131 b,Kepler-131,,16.092,,6,,16.13,2.41,0.022
Kepler-131 c,Kepler-131,,25.5169,,77.7,,8.25,0.84,0.008
Kepler-132 b,Kepler-132,0.136,6.178196,0.067,,,,1.21,0.011
Kepler-132 c,Kepler-132,0.1375,6.414914,0.068,,,,1.28,0.012
Kepler-132 d,Kepler-132,0.1213,18.010199,0.136,,,,1.55,0.014
Kepler-133 b,Kepler-133,0.0863,8.129976,0.083,,,,1.76,0.016
Kepler-133 c,Kepler-133,0.3235,31.517586,0.204,,,,2.84,0.026
Kepler-134 b,Kepler-134,0.1209,5.317429,0.06,,,,2,0.018
Kepler-134 c,Kepler-134,0.0858,10.105785,0.092,,,,1.26,0.012
Kepler-135 b,Kepler-135,0.1647,6.00253,0.067,,,,1.81,0.017
Kepler-135 c,Kepler-135,0.2103,11.448708,0.103,,,,1.16,0.011
Kepler-136 b,Kepler-136,0.119,11.5789,0.106,,,,2.05,0.019
Kepler-136 c,Kepler-136,0.1459,16.399235,0.133,,,,1.99,0.018
Kepler-137 b,Kepler-137,0.134,8.436387,0.077,,,,1.47,0.013
Kepler-137 c,Kepler-137,0.1252,18.735753,0.13,,,,1.88,0.017
Kepler-138 b,Kepler-138,0.08,10.312364,0.077,,,,0.61,0.006
Kepler-138 c,Kepler-138,,13.78164,,5,,3.83,1.61,0.015
Kepler-138 d,Kepler-138,,23.08933,,1.31,,1.01,1.61,0.015
Kepler-139 b,Kepler-139,0.2112,15.771044,0.127,,,,2.94,0.027
Kepler-139 c,Kepler-139,0.3549,157.072878,0.586,,,,3.38,0.031
Kepler-140 b,Kepler-140,0.1241,3.25427,0.045,,,,1.61,0.015
Kepler-140 c,Kepler-140,0.33,91.353282,0.414,,,,1.8,0.017
Kepler-141 b,Kepler-141,0.0924,3.107675,0.039,,,,0.69,0.006
Kepler-141 c,Kepler-141,0.1244,7.010606,0.067,,,,1.41,0.013
Kepler-142 b,Kepler-142,0.1037,2.024152,0.032,,,,1.99,0.018
Kepler-142 c,Kepler-142,0.1376,4.761702,0.057,,,,2.86,0.026
Kepler-142 d,Kepler-142,0.362,41.809118,0.242,,,,2.16,0.02
Kepler-143 b,Kepler-143,0.0472,16.007583,0.127,,,,2.41,0.022
Kepler-143 c,Kepler-143,0.2126,27.082511,0.181,,,,3.37,0.031
Kepler-144 b,Kepler-144,0.078,5.885273,0.066,,,,1.33,0.012
Kepler-144 c,Kepler-144,0.0949,10.104665,0.094,,,,1.35,0.012
Kepler-145 b,Kepler-145,,22.951,,,,37.1,2.65,0.024
Kepler-145 c,Kepler-145,,42.882,,,,79.4,4.32,0.04
Kepler-146 b,Kepler-146,0.2162,31.158799,0.2,,,,3.71,0.034
Kepler-146 c,Kepler-146,0.259,76.732171,0.364,,,,3.13,0.029
Kepler-147 b,Kepler-147,0.1853,12.610584,0.113,,,,1.53,0.014
Kepler-147 c,Kepler-147,0.3039,33.416423,0.216,,,,2.43,0.022
Kepler-148 b,Kepler-148,0.0732,1.729366,0.028,,,,1.8,0.017
Kepler-148 c,Kepler-148,0.1034,4.180043,0.05,,,,3.6,0.033
Kepler-149 b,Kepler-149,0.2114,29.198943,0.184,,,,4.21,0.039
Kepler-149 c,Kepler-149,0.2895,55.328328,0.281,,,,1.61,0.015
Kepler-149 d,Kepler-149,0.2146,160.018032,0.571,,,,3.96,0.036
Kepler-150 b,Kepler-150,0.0962,3.428054,0.044,,,,1.25,0.011
Kepler-150 c,Kepler-150,0.1302,7.381998,0.073,,,,3.69,0.034
Kepler-150 d,Kepler-150,0.1568,12.56093,0.104,,,,2.79,0.026
Kepler-150 e,Kepler-150,0.2273,30.826557,0.189,,,,3.12,0.029
Kepler-151 b,Kepler-151,0.1102,15.228958,0.116,,,,3.06,0.028
Kepler-151 c,Kepler-151,0.1256,24.674612,0.16,,,,2.09,0.019
Kepler-152 b,Kepler-152,0.1565,18.207973,0.124,,,,2.79,0.026
Kepler-152 c,Kepler-152,0.1682,88.255055,0.356,,,,2.39,0.022
Kepler-153 b,Kepler-153,0.1281,18.870227,0.129,,,,2.92,0.027
Kepler-153 c,Kepler-153,0.1594,46.90232,0.237,,,,2.53,0.023
Kepler-154 b,Kepler-154,0.1398,33.040532,0.198,,,,2.26,0.021
Kepler-154 c,Kepler-154,0.3129,62.303276,0.303,,,,2.95,0.027
Kepler-155 b,Kepler-155,0.0988,5.931194,0.056,,,,2.09,0.019
Kepler-155 c,Kepler-155,0.1328,52.661793,0.242,,,,2.24,0.021
Kepler-156 b,Kepler-156,0.0658,4.973456,0.054,,,,2.3,0.021
Kepler-156 c,Kepler-156,0.166,15.906801,0.117,,,,2.55,0.023
Kepler-157 b,Kepler-157,0.0911,1.732342,0.028,,,,1.32,0.012
Kepler-157 c,Kepler-157,0.1881,13.5405,0.11,,,,2.24,0.021
Kepler-158 b,Kepler-158,0.1152,16.709184,0.111,,,,2.12,0.019
Kepler-158 c,Kepler-158,0.177,28.551383,0.158,,,,1.9,0.017
Kepler-159 b,Kepler-159,0.1122,10.139623,0.082,,,,2.38,0.022
Kepler-159 c,Kepler-159,0.2147,43.595792,0.218,,,,3.41,0.031
Kepler-160 b,Kepler-160,0.1259,4.309427,0.05,,,,1.54,0.014
Kepler-160 c,Kepler-160,0.2003,13.699087,0.109,,,,3.61,0.033
Kepler-161 b,Kepler-161,0.078,4.921355,0.054,,,,2.12,0.019
Kepler-161 c,Kepler-161,0.0563,7.06424,0.068,,,,2.05,0.019
Kepler-162 b,Kepler-162,0.1391,6.919798,0.069,,,,1.26,0.012
Kepler-162 c,Kepler-162,0.147,19.446355,0.137,,,,3.03,0.028
Kepler-163 b,Kepler-163,0.14,7.810937,0.078,,,,1.05,0.01
Kepler-163 c,Kepler-163,0.1569,21.347262,0.152,,,,2.26,0.021
Kepler-164 b,Kepler-164,0.0687,5.03503,0.058,,,,1.41,0.013
Kepler-164 c,Kepler-164,0.1252,10.945723,0.097,,,,2.73,0.025
Kepler-164 d,Kepler-164,0.1435,28.986769,0.187,,,,2.45,0.022
Kepler-165 b,Kepler-165,0.1195,8.180848,0.072,,,,2.32,0.021
Kepler-165 c,Kepler-165,0.1262,15.31299,0.11,,,,2.23,0.021
Kepler-166 b,Kepler-166,0.1145,7.650254,0.072,,,,2.27,0.021
Kepler-166 c,Kepler-166,0.2017,34.260281,0.195,,,,2.38,0.022
Kepler-167 b,Kepler-167,0.1005,4.393147,0.048,,,,1.45,0.013
Kepler-167 c,Kepler-167,0.1206,7.406097,0.068,,,,1.37,0.013
Kepler-168 b,Kepler-168,0.1464,4.425391,0.056,,,,1.46,0.013
Kepler-168 c,Kepler-168,0.2057,13.193242,0.116,,,,2.69,0.025
Kepler-169 b,Kepler-169,0.089,3.250619,0.04,,,,1.13,0.01
Kepler-169 c,Kepler-169,0.1273,6.195469,0.062,,,,1.21,0.011
Kepler-169 d,Kepler-169,0.1163,8.348125,0.075,,,,1.25,0.011
Kepler-169 e,Kepler-169,0.1213,13.767102,0.105,,,,2.2,0.02
Kepler-169 f,Kepler-169,0.263,87.090195,0.359,,,,2.58,0.024
Kepler-170 b,Kepler-170,0.1533,7.930592,0.08,,,,3.2,0.029
Kepler-170 c,Kepler-170,0.175,16.665863,0.131,,,,2.86,0.026
Kepler-171 b,Kepler-171,0.1142,4.166972,0.05,,,,2.34,0.021
Kepler-171 c,Kepler-171,0.1069,11.463462,0.098,,,,2.56,0.024
Kepler-171 d,Kepler-171,0.2631,39.595519,0.223,,,,1.89,0.017
Kepler-172 b,Kepler-172,0.1081,2.940309,0.04,,,,2.35,0.022
Kepler-172 c,Kepler-172,0.1412,6.388996,0.068,,,,2.86,0.026
Kepler-172 d,Kepler-172,0.1475,14.627119,0.118,,,,2.25,0.021
Kepler-172 e,Kepler-172,0.1483,35.118736,0.211,,,,2.76,0.025
Kepler-173 b,Kepler-173,0.0942,4.263742,0.048,,,,1.29,0.012
Kepler-173 c,Kepler-173,0.1304,8.005777,0.074,,,,2.43,0.022
Kepler-174 b,Kepler-174,0.1224,13.98179,0.1,,,,1.96,0.018
Kepler-174 c,Kepler-174,0.2157,44.000529,0.214,,,,1.49,0.014
Kepler-174 d,Kepler-174,0.3655,247.35373,0.677,,,,2.19,0.02
Kepler-175 b,Kepler-175,0.1756,11.903515,0.105,,,,2.56,0.024
Kepler-175 c,Kepler-175,0.294,34.035257,0.213,,,,3.1,0.028
Kepler-176 b,Kepler-176,0.1003,5.433074,0.058,,,,1.43,0.013
Kepler-176 c,Kepler-176,0.1475,12.759712,0.102,,,,2.6,0.024
Kepler-176 d,Kepler-176,0.1189,25.751974,0.163,,,,2.51,0.023
Kepler-177 b,Kepler-177,,36.855,,,,2,2.9,0.027
Kepler-177 c,Kepler-177,,49.412,,,,7.5,7.1,0.065
Kepler-178 b,Kepler-178,0.1407,9.576694,0.085,,,,2.9,0.027
Kepler-178 c,Kepler-178,0.0919,20.552802,0.142,,,,2.88,0.026
Kepler-178 d,Kepler-178,0.2615,96.678988,0.397,,,,3.95,0.036
Kepler-179 b,Kepler-179,0.0828,2.735926,0.036,,,,1.64,0.015
Kepler-179 c,Kepler-179,0.0768,6.40013,0.064,,,,2,0.018
Kepler-180 b,Kepler-180,0.1558,13.817124,0.109,,,,1.5,0.014
Kepler-180 c,Kepler-180,0.26,41.885775,0.229,,,,3.01,0.028
Kepler-181 b,Kepler-181,0.0787,3.137873,0.04,,,,1.27,0.012
Kepler-181 c,Kepler-181,0.0819,4.302149,0.049,,,,1.99,0.018
Kepler-182 b,Kepler-182,0.2067,9.825792,0.096,,,,2.58,0.024
Kepler-182 c,Kepler-182,0.2673,20.684342,0.157,,,,3.43,0.032
Kepler-183 b,Kepler-183,0.0922,5.687945,0.064,,,,2.06,0.019
Kepler-183 c,Kepler-183,0.137,11.637071,0.103,,,,2.27,0.021
Kepler-184 b,Kepler-184,0.1342,10.687576,0.092,,,,2.36,0.022
Kepler-184 c,Kepler-184,0.1812,20.303005,0.141,,,,1.97,0.018
Kepler-184 d,Kepler-184,0.165,29.022358,0.179,,,,2.49,0.023
Kepler-185 b,Kepler-185,0.065,1.6329,0.026,,,,1.17,0.011
Kepler-185 c,Kepler-185,0.1159,20.729042,0.139,,,,2.02,0.018
Kepler-186 b,Kepler-186,,3.8867907,0.0343,,,,1.07,0.01
Kepler-186 c,Kepler-186,,7.267302,0.0451,,,,1.25,0.011
Kepler-186 d,Kepler-186,,13.342996,0.0781,,,,1.4,0.013
Kepler-186 e,Kepler-186,,22.407704,0.11,,,,1.27,0.012
Kepler-186 f,Kepler-186,0.2342,129.9441,0.432,,,,1.17,0.011
Kepler-187 b,Kepler-187,0.1783,4.938864,0.059,,,,1.41,0.013
Kepler-187 c,Kepler-187,0.2202,10.640263,0.099,,,,2.67,0.025
Kepler-188 b,Kepler-188,0.0746,2.061897,0.032,,,,1.68,0.015
Kepler-188 c,Kepler-188,0.1346,5.996553,0.066,,,,3.19,0.029
Kepler-189 b,Kepler-189,0.1424,10.399931,0.088,,,,1.21,0.011
Kepler-189 c,Kepler-189,0.1485,20.134866,0.137,,,,2.38,0.022
Kepler-190 b,Kepler-190,0.0759,2.019999,0.03,,,,1.56,0.014
Kepler-190 c,Kepler-190,0.064,3.763024,0.045,,,,1.46,0.013
Kepler-191 b,Kepler-191,0.1215,9.939632,0.087,,,,1.34,0.012
Kepler-191 c,Kepler-191,0.1175,17.738506,0.128,,,,1.86,0.017
Kepler-192 b,Kepler-192,0.1575,9.926746,0.09,,,,2.74,0.025
Kepler-192 c,Kepler-192,0.2058,21.2234,0.15,,,,2.79,0.026
Kepler-193 b,Kepler-193,0.1507,11.38848,0.106,,,,2.39,0.022
Kepler-193 c,Kepler-193,0.2548,50.697494,0.286,,,,2.75,0.025
Kepler-194 b,Kepler-194,0.098,2.092281,0.032,,,,1.51,0.014
Kepler-194 c,Kepler-194,0.2067,17.308032,0.131,,,,2.59,0.024
Kepler-194 d,Kepler-194,0.3042,52.814973,0.275,,,,2.4,0.022
Kepler-195 b,Kepler-195,0.1313,8.307872,0.077,,,,2.03,0.019
Kepler-195 c,Kepler-195,0.1627,34.096863,0.197,,,,1.55,0.014
Kepler-196 b,Kepler-196,0.1256,20.739886,0.138,,,,1.9,0.017
Kepler-196 c,Kepler-196,0.2131,47.427737,0.24,,,,2.24,0.021
Kepler-197 b,Kepler-197,0.1534,5.599308,0.06,,,,1.02,0.009
Kepler-197 c,Kepler-197,0.1771,10.349695,0.09,,,,1.23,0.011
Kepler-197 d,Kepler-197,0.2219,15.677563,0.119,,,,1.22,0.011
Kepler-197 e,Kepler-197,0.2624,25.209715,0.164,,,,0.91,0.008
Kepler-198 b,Kepler-198,0.1866,17.790037,0.131,,,,2.82,0.026
Kepler-198 c,Kepler-198,0.1528,49.567416,0.259,,,,2.47,0.023
Kepler-199 b,Kepler-199,0.2064,23.637604,0.158,,,,3.11,0.029
Kepler-199 c,Kepler-199,0.2888,67.093408,0.316,,,,3.25,0.03
Kepler-200 b,Kepler-200,0.1472,8.594805,0.08,,,,2.13,0.019
Kepler-200 c,Kepler-200,0.0463,10.222157,0.09,,,,1.59,0.015
Kepler-201 b,Kepler-201,0.2345,25.672083,0.175,,,,2.46,0.023
Kepler-201 c,Kepler-201,0.5412,151.884058,0.573,,,,2.85,0.026
Kepler-202 b,Kepler-202,0.0861,4.069427,0.045,,,,1.63,0.015
Kepler-202 c,Kepler-202,0.1189,16.282493,0.113,,,,1.85,0.017
Kepler-203 b,Kepler-203,0.0792,3.162697,0.043,,,,2.57,0.024
Kepler-203 c,Kepler-203,0.0839,5.370647,0.061,,,,2.47,0.023
Kepler-203 d,Kepler-203,0.1663,11.32972,0.1,,,,1.44,0.013
Kepler-204 b,Kepler-204,0.1627,14.400974,0.117,,,,2.53,0.023
Kepler-204 c,Kepler-204,0.1826,25.660593,0.173,,,,1.79,0.016
Kepler-205 b,Kepler-205,0.0812,2.75564,0.032,,,,1.51,0.014
Kepler-205 c,Kepler-205,0.1197,20.306546,0.122,,,,1.64,0.015
Kepler-206 b,Kepler-206,0.1518,7.781987,0.078,,,,1.2,0.011
Kepler-206 c,Kepler-206,0.1987,13.137471,0.111,,,,1.77,0.016
Kepler-206 d,Kepler-206,0.2245,23.44281,0.163,,,,1.19,0.011
Kepler-207 b,Kepler-207,0.125,1.611865,0.029,,,,1.57,0.014
Kepler-207 c,Kepler-207,0.1699,3.071571,0.044,,,,1.5,0.014
Kepler-207 d,Kepler-207,0.1654,5.868075,0.068,,,,3.31,0.03
Kepler-208 b,Kepler-208,0.1378,4.22864,0.054,,,,1.63,0.015
Kepler-208 c,Kepler-208,0.1618,7.466623,0.079,,,,1.39,0.013
Kepler-208 d,Kepler-208,0.1716,11.131786,0.103,,,,1.2,0.011
Kepler-208 e,Kepler-208,0.1683,16.259458,0.132,,,,1.48,0.014
Kepler-209 b,Kepler-209,0.1199,16.087845,0.122,,,,2.26,0.021
Kepler-209 c,Kepler-209,0.2346,41.749882,0.231,,,,3.1,0.028
Kepler-210 b,Kepler-210,0.0728,2.453234,0.032,,,,2.94,0.027
Kepler-210 c,Kepler-210,0.1209,7.972513,0.07,,,,3.62,0.033
Kepler-211 b,Kepler-211,0.0928,4.138575,0.048,,,,1.26,0.012
Kepler-211 c,Kepler-211,0.0855,6.04045,0.062,,,,1.29,0.012
Kepler-212 b,Kepler-212,0.2748,16.257582,0.133,,,,1.09,0.01
Kepler-212 c,Kepler-212,0.3465,31.805174,0.207,,,,2.74,0.025
Kepler-213 b,Kepler-213,0.0737,2.46236,0.036,,,,1.62,0.015
Kepler-213 c,Kepler-213,0.0345,4.822962,0.057,,,,2.34,0.021
Kepler-214 b,Kepler-214,0.2919,15.660544,0.13,,,,2.61,0.024
Kepler-214 c,Kepler-214,0.3251,28.7798,0.194,,,,2.13,0.019
Kepler-215 b,Kepler-215,0.1265,9.360672,0.084,,,,1.62,0.015
Kepler-215 c,Kepler-215,0.1606,14.667108,0.113,,,,1.77,0.016
Kepler-215 d,Kepler-215,0.1133,30.864423,0.185,,,,2.39,0.022
Kepler-215 e,Kepler-215,0.2356,68.16101,0.314,,,,1.75,0.016
Kepler-216 b,Kepler-216,0.2104,7.693641,0.079,,,,2.35,0.022
Kepler-216 c,Kepler-216,0.2862,17.406669,0.136,,,,3.04,0.028
Kepler-217 b,Kepler-217,0.1671,5.374943,0.065,,,,2.23,0.021
Kepler-217 c,Kepler-217,0.1398,8.586004,0.089,,,,1.85,0.017
Kepler-218 b,Kepler-218,0.1256,3.619337,0.046,,,,1.48,0.014
Kepler-218 c,Kepler-218,0.2613,44.699576,0.248,,,,3.14,0.029
Kepler-219 b,Kepler-219,0.1363,4.585512,0.057,,,,2.95,0.027
Kepler-219 c,Kepler-219,0.242,22.714613,0.165,,,,3.58,0.033
Kepler-219 d,Kepler-219,0.2383,47.903645,0.272,,,,2.81,0.026
Kepler-220 b,Kepler-220,0.0677,4.159807,0.046,,,,0.81,0.007
Kepler-220 c,Kepler-220,0.0619,9.034199,0.076,,,,1.57,0.014
Kepler-220 d,Kepler-220,0.171,28.122397,0.163,,,,0.98,0.009
Kepler-220 e,Kepler-220,0.212,45.902733,0.226,,,,1.33,0.012
Kepler-221 b,Kepler-221,0.086,2.795906,0.037,,,,1.71,0.016
Kepler-221 c,Kepler-221,0.1051,5.690586,0.059,,,,2.93,0.027
Kepler-221 d,Kepler-221,0.1054,10.04156,0.087,,,,2.73,0.025
Kepler-221 e,Kepler-221,0.0935,18.369917,0.13,,,,2.63,0.024
Kepler-222 b,Kepler-222,0.0762,3.936981,0.048,,,,3.16,0.029
Kepler-222 c,Kepler-222,0.0714,10.08881,0.091,,,,4.64,0.043
Kepler-222 d,Kepler-222,0.1892,28.081912,0.18,,,,3.69,0.034
Kepler-223 b,Kepler-223,0.2257,7.384108,0.073,,,,1.69,0.015
Kepler-223 c,Kepler-223,0.243,9.848183,0.088,,,,2,0.018
Kepler-223 d,Kepler-223,0.2486,14.788759,0.116,,,,2.98,0.027
Kepler-223 e,Kepler-223,0.2425,19.721734,0.14,,,,2.4,0.022
Kepler-224 b,Kepler-224,0.0847,3.132924,0.038,,,,1.39,0.013
Kepler-224 c,Kepler-224,0.1185,5.925003,0.058,,,,3.12,0.029
Kepler-224 d,Kepler-224,0.1297,11.349393,0.089,,,,2.3,0.021
Kepler-224 e,Kepler-224,0.0769,18.643577,0.124,,,,1.97,0.018
Kepler-225 b,Kepler-225,0.1257,6.738975,0.056,,,,1.2,0.011
Kepler-225 c,Kepler-225,0.1366,18.794234,0.111,,,,1.84,0.017
Kepler-226 b,Kepler-226,0.1082,3.940997,0.047,,,,1.55,0.014
Kepler-226 c,Kepler-226,0.1271,5.349555,0.058,,,,2.27,0.021
Kepler-226 d,Kepler-226,0.1541,8.109044,0.076,,,,1.22,0.011
Kepler-227 b,Kepler-227,0.1297,9.488015,0.09,,,,3.11,0.029
Kepler-227 c,Kepler-227,0.188,54.418694,0.29,,,,3.04,0.028
Kepler-228 b,Kepler-228,0.097,2.566546,0.038,,,,1.53,0.014
Kepler-228 c,Kepler-228,0.1301,4.134444,0.052,,,,2.7,0.025
Kepler-228 d,Kepler-228,0.1913,11.094286,0.101,,,,4.04,0.037
Kepler-229 b,Kepler-229,0.11,6.252972,0.062,,,,2.2,0.02
Kepler-229 c,Kepler-229,0.1478,16.068638,0.117,,,,4.92,0.045
Kepler-229 d,Kepler-229,0.2092,41.194912,0.22,,,,3.85,0.035
Kepler-230 b,Kepler-230,0.241,32.625555,0.191,,,,4.26,0.039
Kepler-230 c,Kepler-230,0.2514,91.773242,0.38,,,,2.04,0.019
Kepler-231 b,Kepler-231,0.06,10.065275,0.074,,,,1.73,0.016
Kepler-231 c,Kepler-231,0.1337,19.271566,0.114,,,,1.93,0.018
Kepler-232 b,Kepler-232,0.1322,4.431222,0.054,,,,3.08,0.028
Kepler-232 c,Kepler-232,0.1088,11.379349,0.101,,,,3.83,0.035
Kepler-233 b,Kepler-233,0.1124,8.472382,0.077,,,,2.43,0.022
Kepler-233 c,Kepler-233,0.2341,60.418955,0.287,,,,2.71,0.025
Kepler-234 b,Kepler-234,0.1323,2.711506,0.04,,,,3.7,0.034
Kepler-234 c,Kepler-234,0.1683,7.21205,0.077,,,,3.51,0.032
Kepler-235 b,Kepler-235,0.0802,3.340222,0.037,,,,2.23,0.021
Kepler-235 c,Kepler-235,0.0924,7.824904,0.065,,,,1.28,0.012
Kepler-235 d,Kepler-235,0.138,20.060548,0.122,,,,2.05,0.019
Kepler-235 e,Kepler-235,0.2014,46.183669,0.213,,,,2.22,0.02
Kepler-236 b,Kepler-236,0.0553,8.295611,0.065,,,,1.57,0.014
Kepler-236 c,Kepler-236,0.1736,23.968127,0.132,,,,2,0.018
Kepler-237 b,Kepler-237,0.098,4.715106,0.05,,,,1.41,0.013
Kepler-237 c,Kepler-237,0.1313,8.103636,0.071,,,,2.08,0.019
Kepler-238 b,Kepler-238,0.133,2.090876,0.034,,,,1.73,0.016
Kepler-238 c,Kepler-238,0.2015,6.155557,0.069,,,,2.39,0.022
Kepler-238 d,Kepler-238,0.2767,13.233549,0.115,,,,3.07,0.028
Kepler-238 e,Kepler-238,,23.654,,,,169.7,5.6,0.051
Kepler-238 f,Kepler-238,,50.447,,,,13.5,2,0.018
Kepler-239 b,Kepler-239,0.1208,11.763051,0.095,,,,2.33,0.021
Kepler-239 c,Kepler-239,0.1542,56.228098,0.268,,,,2.51,0.023
Kepler-240 b,Kepler-240,0.0987,4.144495,0.048,,,,1.37,0.013
Kepler-240 c,Kepler-240,0.1082,7.953528,0.074,,,,2.2,0.02
Kepler-241 b,Kepler-241,0.1299,12.718092,0.094,,,,2.33,0.021
Kepler-241 c,Kepler-241,0.178,36.065978,0.189,,,,2.57,0.024
Kepler-242 b,Kepler-242,0.1142,8.20395,0.075,,,,2.61,0.024
Kepler-242 c,Kepler-242,0.1343,14.496481,0.109,,,,2,0.018
Kepler-243 b,Kepler-243,0.1035,5.715442,0.062,,,,2.45,0.022
Kepler-243 c,Kepler-243,0.055,20.026218,0.142,,,,1.99,0.018
Kepler-244 b,Kepler-244,0.114,4.311792,0.05,,,,2.76,0.025
Kepler-244 c,Kepler-244,0.0572,9.767292,0.087,,,,2.05,0.019
Kepler-244 d,Kepler-244,0.1877,20.050401,0.14,,,,2.31,0.021
Kepler-245 b,Kepler-245,0.1168,7.49019,0.071,,,,2.57,0.024
Kepler-245 c,Kepler-245,0.0935,17.460812,0.124,,,,2.18,0.02
Kepler-245 d,Kepler-245,0.2002,36.277108,0.202,,,,3.03,0.028
Kepler-246 b,Kepler-246,0.0928,4.60182,0.052,,,,2.34,0.021
Kepler-246 c,Kepler-246,0.1317,11.187161,0.095,,,,1.5,0.014
Kepler-247 b,Kepler-247,0.0865,3.33616,0.042,,,,1.64,0.015
Kepler-247 c,Kepler-247,0.1207,9.439452,0.084,,,,4.09,0.037
Kepler-247 d,Kepler-247,0.1278,20.477912,0.14,,,,3.94,0.036
Kepler-248 b,Kepler-248,0.1253,6.308205,0.066,,,,3.02,0.028
Kepler-248 c,Kepler-248,0.1679,16.239494,0.123,,,,4.07,0.037
Kepler-249 b,Kepler-249,0.0736,3.306539,0.035,,,,1.09,0.01
Kepler-249 c,Kepler-249,0.0925,7.113702,0.058,,,,1.51,0.014
Kepler-249 d,Kepler-249,0.1124,15.368459,0.097,,,,1.57,0.014
Kepler-250 b,Kepler-250,0.1001,4.148141,0.048,,,,1.13,0.01
Kepler-250 c,Kepler-250,0.107,7.156804,0.069,,,,2.28,0.021
Kepler-250 d,Kepler-250,0.0825,17.648312,0.127,,,,2.18,0.02
Kepler-251 b,Kepler-251,0.1127,4.790936,0.053,,,,1.33,0.012
Kepler-251 c,Kepler-251,0.1712,16.514043,0.122,,,,2.77,0.025
Kepler-251 d,Kepler-251,0.205,30.133001,0.182,,,,2.77,0.025
Kepler-251 e,Kepler-251,0.1817,99.640161,0.404,,,,2.77,0.025
Kepler-252 b,Kepler-252,0.0824,6.668391,0.058,,,,1.23,0.011
Kepler-252 c,Kepler-252,0.124,10.848463,0.08,,,,2.15,0.02
Kepler-253 b,Kepler-253,0.0805,3.783986,0.046,,,,1.63,0.015
Kepler-253 c,Kepler-253,0.1465,10.281951,0.089,,,,2.65,0.024
Kepler-253 d,Kepler-253,0.1787,18.119869,0.13,,,,3.17,0.029
Kepler-254 b,Kepler-254,0.1263,5.826662,0.064,,,,3.87,0.035
Kepler-254 c,Kepler-254,0.1401,12.412183,0.105,,,,2.15,0.02
Kepler-254 d,Kepler-254,0.165,18.746477,0.139,,,,2.5,0.023
Kepler-255 b,Kepler-255,0.0932,5.714606,0.063,,,,1.55,0.014
Kepler-255 c,Kepler-255,0.1408,9.946047,0.092,,,,2.99,0.027
Kepler-256 b,Kepler-256,0.0934,1.620493,0.027,,,,1.59,0.015
Kepler-256 c,Kepler-256,0.1095,3.38802,0.045,,,,2.15,0.02
Kepler-256 d,Kepler-256,0.1306,5.839172,0.064,,,,2.48,0.023
Kepler-256 e,Kepler-256,0.1476,10.681572,0.096,,,,2.35,0.022
Kepler-257 b,Kepler-257,0.0755,2.382667,0.034,,,,2.61,0.024
Kepler-257 c,Kepler-257,0.137,6.581484,0.066,,,,5.41,0.05
Kepler-257 d,Kepler-257,0.1106,24.664551,0.16,,,,4.95,0.045
Kepler-258 b,Kepler-258,0.1424,13.19722,0.103,,,,4.06,0.037
Kepler-258 c,Kepler-258,0.1719,33.653079,0.193,,,,3.61,0.033
Kepler-259 b,Kepler-259,0.1231,8.115317,0.079,,,,2.8,0.026
Kepler-259 c,Kepler-259,0.1968,36.924931,0.217,,,,2.7,0.025
Kepler-260 b,Kepler-260,0.1261,8.187399,0.075,,,,2.01,0.018
Kepler-260 c,Kepler-260,0.2844,76.050178,0.332,,,,1.74,0.016
Kepler-261 b,Kepler-261,0.115,10.381227,0.088,,,,2.18,0.02
Kepler-261 c,Kepler-261,0.115,24.570858,0.156,,,,2,0.018
Kepler-262 b,Kepler-262,0.1366,13.060855,0.108,,,,1.36,0.013
Kepler-262 c,Kepler-262,0.1454,21.853722,0.152,,,,1.64,0.015
Kepler-263 b,Kepler-263,0.1726,16.568087,0.12,,,,2.67,0.025
Kepler-263 c,Kepler-263,0.1279,47.332773,0.242,,,,2.47,0.023
Kepler-264 b,Kepler-264,0.5939,40.806231,0.249,,,,3.33,0.03
Kepler-264 c,Kepler-264,0.7472,140.101261,0.566,,,,2.83,0.026
Kepler-265 b,Kepler-265,0.1496,6.846262,0.069,,,,1.86,0.017
Kepler-265 c,Kepler-265,0.1972,17.028937,0.127,,,,2.63,0.024
Kepler-265 d,Kepler-265,0.1277,43.130617,0.236,,,,2.49,0.023
Kepler-265 e,Kepler-265,0.2944,67.831024,0.319,,,,2.59,0.024
Kepler-266 b,Kepler-266,0.1549,6.61833,0.071,,,,2.48,0.023
Kepler-266 c,Kepler-266,0.3367,107.723601,0.457,,,,3.89,0.036
Kepler-267 b,Kepler-267,0.0622,3.353728,0.037,,,,1.98,0.018
Kepler-267 c,Kepler-267,0.0563,6.87745,0.06,,,,2.13,0.019
Kepler-267 d,Kepler-267,0.1143,28.464515,0.154,,,,2.27,0.021
Kepler-268 b,Kepler-268,0.1905,25.934138,0.18,,,,2.55,0.023
Kepler-268 c,Kepler-268,0.3008,83.446393,0.391,,,,3.38,0.031
Kepler-269 b,Kepler-269,0.1411,5.326718,0.061,,,,2.47,0.023
Kepler-269 c,Kepler-269,0.1625,8.127899,0.081,,,,1.69,0.015
Kepler-270 b,Kepler-270,0.2027,11.476094,0.107,,,,2.01,0.018
Kepler-270 c,Kepler-270,0.1541,25.262887,0.18,,,,1.77,0.016
Kepler-271 b,Kepler-271,0.1411,5.217738,0.056,,,,0.89,0.008
Kepler-271 c,Kepler-271,0.1422,7.410935,0.071,,,,1,0.009
Kepler-272 b,Kepler-272,0.1103,2.971353,0.038,,,,1.43,0.013
Kepler-272 c,Kepler-272,0.154,6.057342,0.061,,,,1.79,0.016
Kepler-272 d,Kepler-272,0.1285,10.937304,0.091,,,,2.25,0.021
Kepler-273 b,Kepler-273,0.071,2.936532,0.037,,,,1.5,0.014
Kepler-273 c,Kepler-273,0.1408,8.014927,0.073,,,,1.98,0.018
Kepler-274 b,Kepler-274,0.2309,11.634788,0.101,,,,1.54,0.014
Kepler-274 c,Kepler-274,0.1893,33.197861,0.204,,,,1.84,0.017
Kepler-275 b,Kepler-275,0.207,10.300682,0.098,,,,2.34,0.021
Kepler-275 c,Kepler-275,0.2453,16.088134,0.132,,,,3.38,0.031
Kepler-275 d,Kepler-275,0.3181,35.676062,0.224,,,,3.33,0.03
Kepler-276 b,Kepler-276,0.1555,14.12841,0.119,,,,2.87,0.026
Kepler-276 c,Kepler-276,,31.884,,,,16.6,2.9,0.027
Kepler-276 d,Kepler-276,,48.648,,,,16.3,2.8,0.026
Kepler-277 b,Kepler-277,,17.324,,,,87.3,2.92,0.027
Kepler-277 c,Kepler-277,,33.006,,,,64.2,3.36,0.031
Kepler-278 b,Kepler-278,0.3128,30.160546,0.207,,,,4.07,0.037
Kepler-278 c,Kepler-278,0.4715,51.078775,0.294,,,,3.59,0.033
Kepler-279 b,Kepler-279,0.2445,12.309681,0.112,,,,3.62,0.033
Kepler-279 c,Kepler-279,,35.736,,,,49.4,4.3,0.039
Kepler-279 d,Kepler-279,,54.414,,,,37.5,3.1,0.028
Kepler-280 b,Kepler-280,0.0842,2.139542,0.032,,,,1.45,0.013
Kepler-280 c,Kepler-280,0.0375,4.807091,0.056,,,,2.01,0.018
Kepler-281 b,Kepler-281,0.2622,14.646008,0.117,,,,2.82,0.026
Kepler-281 c,Kepler-281,0.2837,36.337373,0.215,,,,5.31,0.049
Kepler-282 b,Kepler-282,0.202,9.220524,0.082,,,,1.01,0.009
Kepler-282 c,Kepler-282,0.2322,13.638723,0.106,,,,1.2,0.011
Kepler-282 d,Kepler-282,,24.806,,,,61,2.46,0.023
Kepler-282 e,Kepler-282,,44.347,,,,56.2,3.1,0.028
Kepler-283 b,Kepler-283,0.087,11.008151,0.082,,,,2.13,0.019
Kepler-283 c,Kepler-283,0.2616,92.743711,0.341,,,,1.82,0.017
Kepler-284 b,Kepler-284,0.1175,12.699149,0.104,,,,2.24,0.021
Kepler-284 c,Kepler-284,0.223,37.514456,0.213,,,,2.61,0.024
Kepler-285 b,Kepler-285,0.0859,2.633867,0.036,,,,1.34,0.012
Kepler-285 c,Kepler-285,0.1212,6.186676,0.064,,,,1.12,0.01
Kepler-286 b,Kepler-286,0.0822,1.796302,0.027,,,,1.24,0.011
Kepler-286 c,Kepler-286,0.096,3.468095,0.042,,,,1.37,0.013
Kepler-286 d,Kepler-286,0.1106,5.914323,0.061,,,,1.33,0.012
Kepler-286 e,Kepler-286,0.1638,29.221289,0.176,,,,1.77,0.016
Kepler-287 b,Kepler-287,0.094,20.342199,0.145,,,,2.33,0.021
Kepler-287 c,Kepler-287,0.1493,44.851896,0.246,,,,3.26,0.03
Kepler-288 b,Kepler-288,0.1377,6.097326,0.065,,,,1.67,0.015
Kepler-288 c,Kepler-288,0.1747,19.305772,0.14,,,,2.85,0.026
Kepler-288 d,Kepler-288,0.2516,56.633742,0.287,,,,2.67,0.025
Kepler-289 b,Kepler-289,0.1324,34.545,0.21,4.1,,7.3,2.15,0.02
Kepler-289 c,Kepler-289,0.3361,125.8518,0.51,0.47,,132,11.59,0.106
Kepler-289 d,Kepler-289,0.1482,66.0634,0.33,1.2,,4,2.68,0.025
Kepler-290 b,Kepler-290,0.1002,14.589347,0.11,,,,2.25,0.021
Kepler-290 c,Kepler-290,0.1782,36.77031,0.205,,,,2.7,0.025
Kepler-291 b,Kepler-291,0.0944,3.546511,0.047,,,,2.16,0.02
Kepler-291 c,Kepler-291,0.0686,5.700786,0.065,,,,1.88,0.017
Kepler-292 b,Kepler-292,0.0872,2.580827,0.035,,,,1.32,0.012
Kepler-292 c,Kepler-292,0.0967,3.715335,0.045,,,,1.47,0.013
Kepler-292 d,Kepler-292,0.131,7.055679,0.068,,,,2.23,0.021
Kepler-292 e,Kepler-292,0.1706,11.97901,0.097,,,,2.67,0.025
Kepler-292 f,Kepler-292,0.1809,20.834237,0.141,,,,2.35,0.022
Kepler-293 b,Kepler-293,0.1889,19.254196,0.144,,,,3.07,0.028
Kepler-293 c,Kepler-293,0.192,54.155743,0.286,,,,3.83,0.035
Kepler-294 b,Kepler-294,0.1032,3.701212,0.048,,,,1.77,0.016
Kepler-294 c,Kepler-294,0.1323,6.6264,0.071,,,,2.71,0.025
Kepler-295 b,Kepler-295,0.3589,12.645164,0.099,,,,1.22,0.011
Kepler-295 c,Kepler-295,0.3422,21.526258,0.142,,,,1.17,0.011
Kepler-295 d,Kepler-295,0.2239,33.884054,0.192,,,,1.36,0.013
Kepler-296 b,Kepler-296,0.072,3.621457,0.039,,,,0.94,0.009
Kepler-296 c,Kepler-296,0.0786,5.841648,0.054,,,,2.15,0.02
Kepler-296 d,Kepler-296,0.1177,19.850242,0.122,,,,2.28,0.021
Kepler-296 e,Kepler-296,0.1508,34.14204,0.149,,,,1.48,0.014
Kepler-296 f,Kepler-296,0.15,63.336,0.283,,,,1.75,0.016
Kepler-297 b,Kepler-297,0.2552,38.871826,0.217,,,,2.87,0.026
Kepler-297 c,Kepler-297,0.1998,74.920137,0.336,,,,6.54,0.06
Kepler-298 b,Kepler-298,0.0967,10.475464,0.08,,,,1.96,0.018
Kepler-298 c,Kepler-298,0.0999,22.92881,0.136,,,,1.93,0.018
Kepler-298 d,Kepler-298,0.1847,77.473633,0.305,,,,2.5,0.023
Kepler-299 b,Kepler-299,0.1061,2.927128,0.04,,,,1.32,0.012
Kepler-299 c,Kepler-299,0.167,6.885875,0.07,,,,2.65,0.024
Kepler-299 d,Kepler-299,0.1783,15.054786,0.118,,,,1.86,0.017
Kepler-299 e,Kepler-299,0.2349,38.285489,0.22,,,,1.87,0.017
Kepler-300 b,Kepler-300,0.0913,10.446347,0.094,,,,1.67,0.015
Kepler-300 c,Kepler-300,0.3622,40.714955,0.232,,,,2.25,0.021
Kepler-301 b,Kepler-301,0.0956,2.508553,0.036,,,,1.35,0.012
Kepler-301 c,Kepler-301,0.095,5.419026,0.06,,,,1.35,0.012
Kepler-301 d,Kepler-301,0.1649,13.751243,0.112,,,,1.75,0.016
Kepler-302 b,Kepler-302,0.2475,30.184104,0.193,,,,4.06,0.037
Kepler-302 c,Kepler-302,0.2983,127.282184,0.503,,,,12.45,0.114
Kepler-303 b,Kepler-303,0.064,1.937055,0.024,,,,0.89,0.008
Kepler-303 c,Kepler-303,0.0439,7.061149,0.057,,,,1.14,0.011
Kepler-304 b,Kepler-304,0.0749,3.295709,0.039,,,,2.86,0.026
Kepler-304 c,Kepler-304,0.0464,5.315946,0.054,,,,2.17,0.02
Kepler-304 d,Kepler-304,0.1245,9.653471,0.08,,,,2.75,0.025
Kepler-305 b,Kepler-305,,5.487,,,,10.5,3.6,0.033
Kepler-305 c,Kepler-305,,8.291,,,,6,3.3,0.03
Kepler-305 d,Kepler-305,0.1025,16.738661,0.121,,,,2.71,0.025
Kepler-306 b,Kepler-306,0.0965,4.646186,0.05,,,,1.52,0.014
Kepler-306 c,Kepler-306,0.1272,7.240193,0.067,,,,2.35,0.022
Kepler-306 d,Kepler-306,0.199,17.326644,0.12,,,,2.47,0.023
Kepler-306 e,Kepler-306,0.2285,44.840975,0.227,,,,2.27,0.021
Kepler-307 b,Kepler-307,,10.416,,,,3.1,3.2,0.029
Kepler-307 c,Kepler-307,,13.084,,,,1.5,2.8,0.026
Kepler-308 b,Kepler-308,0.1087,9.694928,0.09,,,,2.12,0.019
Kepler-308 c,Kepler-308,0.1646,15.38231,0.123,,,,2.16,0.02
Kepler-309 b,Kepler-309,0.1161,5.923653,0.059,,,,1.56,0.014
Kepler-309 c,Kepler-309,0.1524,105.356383,0.401,,,,2.51,0.023
Kepler-310 b,Kepler-310,0.0877,13.930698,0.111,,,,1.19,0.011
Kepler-310 c,Kepler-310,0.2555,56.47542,0.281,,,,3.38,0.031
Kepler-310 d,Kepler-310,0.2969,92.876125,0.392,,,,2.47,0.023
Kepler-311 b,Kepler-311,0.1809,9.176092,0.087,,,,1.7,0.016
Kepler-311 c,Kepler-311,0.2025,19.738286,0.145,,,,1.43,0.013
Kepler-312 b,Kepler-312,0.1022,1.772419,0.031,,,,1.29,0.012
Kepler-312 c,Kepler-312,0.1407,19.747412,0.153,,,,3.15,0.029
Kepler-313 b,Kepler-313,0.2441,14.970418,0.125,,,,2.53,0.023
Kepler-313 c,Kepler-313,0.2713,32.273273,0.208,,,,2.57,0.024
Kepler-314 b,Kepler-314,0.0955,2.461069,0.035,,,,0.83,0.008
Kepler-314 c,Kepler-314,0.1152,5.960392,0.064,,,,2.9,0.027
Kepler-315 b,Kepler-315,0.3483,96.101141,0.402,,,,3.77,0.035
Kepler-315 c,Kepler-315,0.4243,265.469335,0.791,,,,4.15,0.038
Kepler-316 b,Kepler-316,0.0579,2.240508,0.027,,,,1.06,0.01
Kepler-316 c,Kepler-316,0.1008,6.827766,0.058,,,,1.16,0.011
Kepler-317 b,Kepler-317,0.1113,5.524242,0.061,,,,2.09,0.019
Kepler-317 c,Kepler-317,0.119,8.77501,0.083,,,,1.72,0.016
Kepler-318 b,Kepler-318,0.1144,4.662715,0.056,,,,4.71,0.043
Kepler-318 c,Kepler-318,0.1065,11.815007,0.105,,,,3.68,0.034
Kepler-319 b,Kepler-319,0.0914,4.362705,0.051,,,,1.63,0.015
Kepler-319 c,Kepler-319,0.0746,6.941357,0.069,,,,2.63,0.024
Kepler-319 d,Kepler-319,0.161,31.781925,0.191,,,,2.29,0.021
Kepler-320 b,Kepler-320,0.1683,8.371554,0.085,,,,1.14,0.011
Kepler-320 c,Kepler-320,0.2192,17.934937,0.142,,,,1.37,0.013
Kepler-321 b,Kepler-321,0.1135,4.915379,0.057,,,,1.77,0.016
Kepler-321 c,Kepler-321,0.0892,13.093921,0.11,,,,2.32,0.021
Kepler-322 b,Kepler-322,0.0697,1.653888,0.027,,,,1.01,0.009
Kepler-322 c,Kepler-322,0.1023,4.337234,0.051,,,,1.67,0.015
Kepler-323 b,Kepler-323,0.0983,1.678327,0.028,,,,1.43,0.013
Kepler-323 c,Kepler-323,0.1271,3.553822,0.046,,,,1.63,0.015
Kepler-324 b,Kepler-324,0.1037,4.385315,0.05,,,,1.14,0.011
Kepler-324 c,Kepler-324,0.2745,51.805612,0.26,,,,3.15,0.029
Kepler-325 b,Kepler-325,0.0732,4.544439,0.053,,,,2.91,0.027
Kepler-325 c,Kepler-325,0.0766,12.762172,0.105,,,,2.54,0.023
Kepler-325 d,Kepler-325,0.1441,38.715185,0.22,,,,2.79,0.026
Kepler-326 b,Kepler-326,0.0863,2.248329,0.032,,,,1.52,0.014
Kepler-326 c,Kepler-326,0.0892,4.580358,0.051,,,,1.4,0.013
Kepler-326 d,Kepler-326,0.068,6.766888,0.066,,,,1.21,0.011
Kepler-327 b,Kepler-327,0.0695,2.549575,0.029,,,,1.11,0.01
Kepler-327 c,Kepler-327,0.0887,5.212333,0.047,,,,1.03,0.009
Kepler-327 d,Kepler-327,0.0587,13.969457,0.09,,,,1.73,0.016
Kepler-328 b,Kepler-328,,34.921,,,,28.5,2.3,0.021
Kepler-328 c,Kepler-328,,71.312,,,,39.4,5.4,0.05
Kepler-329 b,Kepler-329,0.0903,7.416397,0.061,,,,1.4,0.013
Kepler-329 c,Kepler-329,0.1645,18.684737,0.113,,,,1.93,0.018
Kepler-330 b,Kepler-330,0.1252,8.25978,0.075,,,,1.35,0.012
Kepler-330 c,Kepler-330,0.1632,15.955387,0.116,,,,1.95,0.018
Kepler-331 b,Kepler-331,0.096,8.457496,0.065,,,,1.82,0.017
Kepler-331 c,Kepler-331,0.1155,17.28111,0.105,,,,1.84,0.017
Kepler-331 d,Kepler-331,0.1173,32.134328,0.159,,,,1.64,0.015
Kepler-332 b,Kepler-332,0.0987,7.626324,0.07,,,,1.17,0.011
Kepler-332 c,Kepler-332,0.1408,15.995622,0.114,,,,1.09,0.01
Kepler-332 d,Kepler-332,0.1962,34.21154,0.189,,,,1.18,0.011
Kepler-333 b,Kepler-333,0.134,12.551158,0.087,,,,1.32,0.012
Kepler-333 c,Kepler-333,0.1663,24.08821,0.135,,,,1.11,0.01
Kepler-334 b,Kepler-334,0.1267,5.470319,0.061,,,,1.12,0.01
Kepler-334 c,Kepler-334,0.1703,12.758005,0.107,,,,1.43,0.013
Kepler-334 d,Kepler-334,0.1153,25.09849,0.168,,,,1.41,0.013
Kepler-335 b,Kepler-335,0.1681,6.562331,0.075,,,,3.39,0.031
Kepler-335 c,Kepler-335,0.5065,67.844469,0.356,,,,3.07,0.028
Kepler-336 b,Kepler-336,0.1151,2.024823,0.033,,,,1.02,0.009
Kepler-336 c,Kepler-336,0.1768,9.600001,0.092,,,,2.1,0.019
Kepler-336 d,Kepler-336,0.1881,20.678772,0.154,,,,2.37,0.022
Kepler-337 b,Kepler-337,0.1986,3.292781,0.045,,,,1.54,0.014
Kepler-337 c,Kepler-337,0.2295,9.693201,0.093,,,,2.05,0.019
Kepler-338 b,Kepler-338,0.3037,13.726976,0.117,,,,2.44,0.022
Kepler-338 c,Kepler-338,0.3675,24.310856,0.172,,,,2.34,0.021
Kepler-338 d,Kepler-338,0.4427,44.431014,0.257,,,,3,0.028
Kepler-338 e,Kepler-338,,9.341,,,,8.5,1.56,0.014
Kepler-339 b,Kepler-339,0.1064,4.977656,0.055,,,,1.42,0.013
Kepler-339 c,Kepler-339,0.1313,6.988055,0.069,,,,1.15,0.011
Kepler-339 d,Kepler-339,0.1421,10.558345,0.091,,,,1.17,0.011
Kepler-340 b,Kepler-340,0.2344,14.844387,0.134,,,,2.53,0.023
Kepler-340 c,Kepler-340,0.2756,22.824669,0.178,,,,3.37,0.031
Kepler-341 b,Kepler-341,0.159,5.195528,0.06,,,,1.18,0.011
Kepler-341 c,Kepler-341,0.1757,8.01041,0.08,,,,1.7,0.016
Kepler-341 d,Kepler-341,0.252,27.666313,0.182,,,,1.85,0.017
Kepler-341 e,Kepler-341,0.2987,42.473269,0.242,,,,1.99,0.018
Kepler-342 b,Kepler-342,0.1673,15.170318,0.128,,,,2.25,0.021
Kepler-342 c,Kepler-342,0.1015,26.234138,0.185,,,,1.96,0.018
Kepler-342 d,Kepler-342,0.3402,39.459357,0.242,,,,2.49,0.023
Kepler-343 b,Kepler-343,0.1803,8.96855,0.088,,,,2.41,0.022
Kepler-343 c,Kepler-343,0.1128,23.22182,0.167,,,,2.02,0.018
Kepler-344 b,Kepler-344,0.1115,21.963945,0.153,,,,2.61,0.024
Kepler-344 c,Kepler-344,0.3139,125.596809,0.488,,,,2.95,0.027
Kepler-345 b,Kepler-345,0.0821,7.415563,0.066,,,,0.74,0.007
Kepler-345 c,Kepler-345,0.0648,9.387427,0.077,,,,1.2,0.011
Kepler-346 b,Kepler-346,0.0629,6.511127,0.071,,,,2.66,0.024
Kepler-346 c,Kepler-346,0.0994,23.851549,0.168,,,,3.07,0.028
Kepler-347 b,Kepler-347,0.2602,12.79836,0.11,,,,1.97,0.018
Kepler-347 c,Kepler-347,0.1636,27.320871,0.183,,,,1.75,0.016
Kepler-348 b,Kepler-348,0.0795,7.05677,0.076,,,,1.52,0.014
Kepler-348 c,Kepler-348,0.2161,17.265427,0.138,,,,1.33,0.012
Kepler-349 b,Kepler-349,0.0985,5.929778,0.065,,,,1.9,0.017
Kepler-349 c,Kepler-349,0.1366,12.247629,0.105,,,,1.96,0.018
Kepler-350 b,Kepler-350,0.2133,11.189562,0.104,,,,1.85,0.017
Kepler-350 c,Kepler-350,,17.849,,,,6.1,3.1,0.028
Kepler-350 d,Kepler-350,,26.136,,,,14.9,2.8,0.026
Kepler-351 b,Kepler-351,0.2134,37.054919,0.214,,,,3.06,0.028
Kepler-351 c,Kepler-351,0.2468,57.24809,0.287,,,,3.19,0.029
Kepler-352 b,Kepler-352,0.1235,10.05537,0.085,,,,0.86,0.008
Kepler-352 c,Kepler-352,0.0884,16.332995,0.118,,,,1.24,0.011
Kepler-353 b,Kepler-353,0.091,5.795278,0.051,,,,0.89,0.008
Kepler-353 c,Kepler-353,0.0939,8.410894,0.065,,,,1.38,0.013
Kepler-354 b,Kepler-354,0.1043,5.47666,0.054,,,,1.84,0.017
Kepler-354 c,Kepler-354,0.144,16.934402,0.115,,,,1.31,0.012
Kepler-354 d,Kepler-354,0.1822,24.209842,0.146,,,,1.24,0.011
Kepler-355 b,Kepler-355,0.2056,11.03189,0.102,,,,1.46,0.013
Kepler-355 c,Kepler-355,0.284,25.762294,0.179,,,,2.71,0.025
Kepler-356 b,Kepler-356,0.1238,4.612696,0.057,,,,1.57,0.014
Kepler-356 c,Kepler-356,0.1511,13.121632,0.115,,,,1.81,0.017
Kepler-357 b,Kepler-357,0.1105,6.475434,0.063,,,,1.84,0.017
Kepler-357 c,Kepler-357,0.084,16.85837,0.12,,,,2.67,0.025
Kepler-357 d,Kepler-357,0.2747,49.499875,0.246,,,,3.43,0.032
Kepler-358 b,Kepler-358,0.1025,34.060467,0.21,,,,2.72,0.025
Kepler-358 c,Kepler-358,0.2537,83.488369,0.381,,,,2.85,0.026
Kepler-359 b,Kepler-359,0.1785,25.563222,0.178,,,,3.53,0.032
Kepler-359 c,Kepler-359,0.1734,57.68802,0.307,,,,4.3,0.039
Kepler-359 d,Kepler-359,0.1448,77.095691,0.372,,,,4.01,0.037
Kepler-360 b,Kepler-360,0.0963,3.289672,0.044,,,,1.65,0.015
Kepler-360 c,Kepler-360,0.0586,7.186434,0.075,,,,2.1,0.019
Kepler-361 b,Kepler-361,0.2157,8.486616,0.086,,,,1.45,0.013
Kepler-361 c,Kepler-361,0.382,55.188023,0.3,,,,2.52,0.023
Kepler-362 b,Kepler-362,0.0751,10.327186,0.087,,,,0.88,0.008
Kepler-362 c,Kepler-362,0.1987,37.866281,0.207,,,,1.45,0.013
Kepler-363 b,Kepler-363,0.1417,3.614568,0.048,,,,1.16,0.011
Kepler-363 c,Kepler-363,0.2042,7.542427,0.079,,,,1.69,0.015
Kepler-363 d,Kepler-363,0.2646,11.932125,0.107,,,,2.05,0.019
Kepler-364 b,Kepler-364,0.291,25.745718,0.178,,,,1.55,0.014
Kepler-364 c,Kepler-364,0.2743,59.980627,0.312,,,,2.15,0.02
Kepler-365 b,Kepler-365,0.1372,10.664903,0.098,,,,2.04,0.019
Kepler-365 c,Kepler-365,0.1609,17.784129,0.137,,,,1.64,0.015
Kepler-366 b,Kepler-366,0.1188,3.281959,0.045,,,,1.46,0.013
Kepler-366 c,Kepler-366,0.2016,12.51616,0.11,,,,1.79,0.016
Kepler-367 b,Kepler-367,0.193,37.815724,0.201,,,,1.3,0.012
Kepler-367 c,Kepler-367,0.2182,53.578637,0.253,,,,1.2,0.011
Kepler-368 b,Kepler-368,0.4202,26.84768,0.186,,,,3.26,0.03
Kepler-368 c,Kepler-368,0.3202,72.379334,0.36,,,,3.88,0.036
Kepler-369 b,Kepler-369,0.0432,2.732756,0.03,,,,1.13,0.01
Kepler-369 c,Kepler-369,0.1011,14.871572,0.094,,,,1.41,0.013
Kepler-370 b,Kepler-370,0.1367,4.57953,0.054,,,,1.59,0.015
Kepler-370 c,Kepler-370,0.1424,19.02293,0.14,,,,1.91,0.018
Kepler-371 b,Kepler-371,0.1739,34.763278,0.2,,,,1.89,0.017
Kepler-371 c,Kepler-371,0.3251,67.968015,0.313,,,,1.78,0.016
Kepler-372 b,Kepler-372,0.1717,6.849692,0.075,,,,1.36,0.013
Kepler-372 c,Kepler-372,0.2513,20.053763,0.154,,,,2.09,0.019
Kepler-372 d,Kepler-372,0.3125,30.092568,0.201,,,,1.69,0.015
Kepler-373 b,Kepler-373,0.1193,5.535309,0.06,,,,1.36,0.013
Kepler-373 c,Kepler-373,0.1198,16.725948,0.126,,,,1.24,0.011
Kepler-374 b,Kepler-374,0.11,1.897806,0.029,,,,1.03,0.009
Kepler-374 c,Kepler-374,0.1379,3.282807,0.042,,,,1.1,0.01
Kepler-374 d,Kepler-374,0.1433,5.028219,0.056,,,,1.31,0.012
Kepler-375 b,Kepler-375,0.1267,12.125934,0.101,,,,1.45,0.013
Kepler-375 c,Kepler-375,0.1587,19.986326,0.141,,,,2.65,0.024
Kepler-376 b,Kepler-376,0.1631,4.920199,0.057,,,,1.07,0.01
Kepler-376 c,Kepler-376,0.1087,14.172327,0.115,,,,1.79,0.016
Kepler-377 b,Kepler-377,0.1676,12.509529,0.109,,,,1.39,0.013
Kepler-377 c,Kepler-377,0.2407,27.014976,0.182,,,,2.06,0.019
Kepler-378 b,Kepler-378,0.0807,16.092361,0.112,,,,0.75,0.007
Kepler-378 c,Kepler-378,0.1268,28.906009,0.166,,,,0.7,0.006
Kepler-379 b,Kepler-379,0.2127,20.09838,0.152,,,,1.66,0.015
Kepler-379 c,Kepler-379,0.1949,62.784697,0.326,,,,2.29,0.021
Kepler-380 b,Kepler-380,0.1234,3.930821,0.05,,,,1.19,0.011
Kepler-380 c,Kepler-380,0.1229,7.630004,0.078,,,,1.27,0.012
Kepler-381 b,Kepler-381,0.163,5.629021,0.066,,,,0.99,0.009
Kepler-381 c,Kepler-381,0.1424,13.391635,0.117,,,,1.12,0.01
Kepler-382 b,Kepler-382,0.1345,5.262155,0.055,,,,1.32,0.012
Kepler-382 c,Kepler-382,0.0816,12.162701,0.097,,,,1.59,0.015
Kepler-383 b,Kepler-383,0.1384,12.904532,0.095,,,,1.32,0.012
Kepler-383 c,Kepler-383,0.1549,31.200751,0.172,,,,1.24,0.011
Kepler-384 b,Kepler-384,0.2513,22.597053,0.148,,,,1.12,0.01
Kepler-384 c,Kepler-384,0.194,45.348269,0.236,,,,1.13,0.01
Kepler-385 b,Kepler-385,0.1915,10.043686,0.097,,,,2.73,0.025
Kepler-385 c,Kepler-385,0.2835,15.163161,0.127,,,,3.04,0.028
Kepler-386 b,Kepler-386,0.1641,12.31043,0.096,,,,1.39,0.013
Kepler-386 c,Kepler-386,0.1931,25.193458,0.155,,,,1.58,0.015
Kepler-387 b,Kepler-387,0.1332,6.791636,0.068,,,,1.03,0.009
Kepler-387 c,Kepler-387,0.1357,11.837549,0.098,,,,0.89,0.008
Kepler-388 b,Kepler-388,0.0851,3.173315,0.036,,,,0.81,0.007
Kepler-388 c,Kepler-388,0.1365,13.297004,0.093,,,,0.86,0.008
Kepler-389 b,Kepler-389,0.0873,3.244107,0.041,,,,1.51,0.014
Kepler-389 c,Kepler-389,0.1236,14.51143,0.11,,,,1.46,0.013
Kepler-390 b,Kepler-390,0.099,6.738088,0.065,,,,0.82,0.007
Kepler-390 c,Kepler-390,0.111,13.060022,0.101,,,,0.79,0.007
Kepler-391 b,Kepler-391,0.2847,7.416755,0.082,,,,3.2,0.029
Kepler-391 c,Kepler-391,0.4325,20.485435,0.161,,,,3.54,0.033
Kepler-392 b,Kepler-392,0.1268,5.341853,0.059,,,,1,0.009
Kepler-392 c,Kepler-392,0.0944,10.423118,0.093,,,,1.1,0.01
Kepler-393 b,Kepler-393,0.181,9.182417,0.091,,,,1.29,0.012
Kepler-393 c,Kepler-393,0.225,14.613612,0.124,,,,1.33,0.012
Kepler-394 b,Kepler-394,0.1425,8.005013,0.083,,,,1.6,0.015
Kepler-394 c,Kepler-394,0.1591,12.130686,0.11,,,,1.66,0.015
Kepler-395 b,Kepler-395,0.0795,7.054346,0.061,,,,1.03,0.009
Kepler-395 c,Kepler-395,0.1858,34.989262,0.177,,,,1.32,0.012
Kepler-396 b,Kepler-396,,42.994,,,,75.5,3.5,0.032
Kepler-396 c,Kepler-396,,88.505,,,,17.9,5.3,0.049
Kepler-397 b,Kepler-397,0.0704,22.250949,0.144,,,,2.46,0.023
Kepler-397 c,Kepler-397,0.2875,135.498527,0.48,,,,6.18,0.057
Kepler-398 b,Kepler-398,0.0953,4.081423,0.044,,,,0.93,0.009
Kepler-398 c,Kepler-398,0.1392,11.419412,0.087,,,,1.01,0.009
Kepler-399 b,Kepler-399,0.1536,14.425281,0.103,,,,0.96,0.009
Kepler-399 c,Kepler-399,0.1149,26.67569,0.155,,,,1.43,0.013
Kepler-399 d,Kepler-399,0.2265,58.034616,0.261,,,,1.89,0.017
Kepler-400 b,Kepler-400,0.1303,9.024389,0.087,,,,1.65,0.015
Kepler-400 c,Kepler-400,0.1427,17.340824,0.134,,,,1.49,0.014
Kepler-401 b,Kepler-401,0.3637,14.383035,0.122,,,,1.71,0.016
Kepler-401 c,Kepler-401,0.4408,47.318218,0.269,,,,2.15,0.02
Kepler-402 b,Kepler-402,0.1244,4.028751,0.051,,,,1.22,0.011
Kepler-402 c,Kepler-402,0.1445,6.124821,0.068,,,,1.56,0.014
Kepler-402 d,Kepler-402,0.1599,8.921099,0.087,,,,1.38,0.013
Kepler-402 e,Kepler-402,0.1747,11.242861,0.102,,,,1.46,0.013
Kepler-403 b,Kepler-403,0.2437,7.031462,0.076,,,,1.25,0.011
Kepler-403 c,Kepler-403,0.2239,54.280749,0.297,,,,1.75,0.016
Kepler-404 b,Kepler-404,0.2348,11.829851,0.102,,,,1.27,0.012
Kepler-404 c,Kepler-404,0.0486,14.751166,0.118,,,,1.72,0.016
Kepler-405 b,Kepler-405,0.1474,10.613839,0.095,,,,2.08,0.019
Kepler-405 c,Kepler-405,0.0639,29.726682,0.188,,,,4.66,0.043
Kepler-406 b,Kepler-406,,2.42629,,11.82,,6.35,1.43,0.013
Kepler-406 c,Kepler-406,,4.62332,,24.39,,2.71,0.85,0.008
Kepler-407 b,Kepler-407,,0.66931,,0.29,,0.06,1.07,0.01
Kepler-407 c,Kepler-407,,3000,,,,4000,,
Kepler-408 b,Kepler-408,,2.46502,,4.42,,0.48,0.82,0.007
Kepler-409 b,Kepler-409,,68.9584,,8.88,,2.69,1.19,0.011
Kepler-410 A b,Kepler-410 A,,17.833648,0.1226,,,,2.838,0.026
Kepler-411 b,Kepler-411,0.0917,3.00516,0.038,,1040,,1.88,0.017
Kepler-412 b,Kepler-412,0.0865,1.72086123,0.02959,0.501,,298.43,14.852,0.136
Kepler-413 b,KOI-7522,,66.262,0.3553,3.2,,67,4.347,0.04
Kepler-414 b,Kepler-414,,4.7,,,,3.5,1.71,0.016
Kepler-414 c,Kepler-414,,7.171,,,,29.9,3.01,0.028
Kepler-415 b,Kepler-415,,4.176,,,,119.9,1.21,0.011
Kepler-415 c,Kepler-415,,8.708,,,,,,
Kepler-416 b,Kepler-416,,6.319,,,,58.2,2.48,0.023
Kepler-416 c,Kepler-416,,12.209,,,,,,
Kepler-417 b,Kepler-417,,12.331,,,,11,2.31,0.021
Kepler-417 c,Kepler-417,,15.943,,,,,,
Kepler-418 b,Kepler-418,0.426,86.67856,,,,349.6,13.45,0.123
Kepler-419 b,Kepler-419,,69.7546,0.37,,,794.5,10.8,0.099
Kepler-419 c,Kepler-419,,675.47,1.68,,,2320.1,,
Kepler-420 b,Kepler-420,,86.647661,0.382,2.1,511,460.83,10.54,0.097
Kepler-421 b,Kepler-421,0.6579,704.1984,1.219,,185,,4.16,0.038
Kepler-422 b,Kepler-422,,7.8914483,0.082,0.38,,136.66,12.89,0.12
Kepler-423 b,Kepler-423,0.1134,2.6843285,0.03585,0.459,1605,189.101,13.361,0.123
Kepler-424 b,Kepler-424,,3.3118644,0.044,1.94,,327.35,9.98,0.091
Kepler-424 c,Kepler-424,,223.3,0.73,,,,,
Kepler-425 b,Kepler-425,0.098,3.79701816,0.0464,0.27,1070,79.45,10.962,0.101
Kepler-426 b,Kepler-426,0.0913,3.21751883,0.0414,0.26,1300,108.06,12.22,0.112
Kepler-427 b,Kepler-427,0.1786,10.290994,0.091,0.16,1100,92.17,13.79,0.126
Kepler-428 b,Kepler-428,0.1089,3.52563254,0.0433,1.02,1070,403.63,12.11,0.111
KIC 10001893 b,KIC 10001893,,0.2197,,,,,,
KIC 10001893 c,KIC 10001893,,0.32528,,,,,,
KIC 10001893 d,KIC 10001893,,0.81161,,,,,,
Kepler-430 b,Kepler-430,,35.968,0.2244,,667,,3.25,0.03
Kepler-430 c,Kepler-430,,110.979,0.4757,,458,,1.75,0.016
Kepler-431 b,Kepler-431,,6.803,0.0719,,1032,,0.764,0.007
Kepler-431 c,Kepler-431,,8.703,0.0847,,951,,0.668,0.006
Kepler-431 d,Kepler-431,,11.922,0.1045,,856,,1.11,0.01
Kepler-432 b,Kepler-432,0.6165,52.50097,0.3034,4.6,,1547.77,12.554,0.115
Kepler-433 b,Kepler-433,0.2574,5.33408384,0.0679,1.13,1776,896.24,16.25,0.149
Kepler-434 b,Kepler-434,0.0953,12.8747099,0.1143,2.4,1000,908.96,12.67,0.116
Kepler-435 b,Kepler-435,0.3751,8.6001536,0.0948,0.131,1729,266.97,22.31,0.205
Kepler-436 b,Kepler-436,0.1946,64.00205,0.339,,,,2.73,0.025
Kepler-437 b,Kepler-437,0.2329,66.65062,0.288,,,,2.14,0.02
Kepler-438 b,Kepler-438,0.145,35.23319,0.166,,,,1.12,0.01
Kepler-439 b,Kepler-439,0.3996,178.1396,0.563,,,,2.24,0.021
Kepler-440 b,Kepler-440,0.3313,101.11141,0.242,,,,1.86,0.017
Kepler-441 b,Kepler-441,0.2521,207.2482,0.64,,,,1.64,0.015
Kepler-442 b,Kepler-442,0.2342,112.3053,0.409,,,,1.34,0.012
Kepler-443 b,Kepler-443,0.3729,177.6693,0.495,,,,2.33,0.021
Kepler-444 b,Kepler-444,,3.6001053,0.04178,,,,0.403,0.004
Kepler-444 c,Kepler-444,,4.5458841,0.04881,,,,0.497,0.005
Kepler-444 d,Kepler-444,,6.189392,0.06,,,,0.53,0.005
Kepler-444 e,Kepler-444,,7.743493,0.0696,,,,0.546,0.005
Kepler-444 f,Kepler-444,,9.740486,0.0811,,,,0.741,0.007
Kepler-445 b,Kepler-445,0.0429,2.984151,,,,,1.58,0.014
Kepler-445 c,Kepler-445,0.0512,4.871229,,,,,2.51,0.023
Kepler-445 d,Kepler-445,0.0578,8.15275,,,,,1.25,0.011
Kepler-446 b,Kepler-446,0.0269,1.565409,,,,,1.5,0.014
Kepler-446 c,Kepler-446,0.0393,3.036179,,,,,1.11,0.01
Kepler-446 d,Kepler-446,0.0368,5.148921,,,,,1.35,0.012
Kepler-447 b,Kepler-447,0.0473,7.79430132,0.0769,0.4,,435.41,18.49,0.17
Lupus-TR-3 b,Lupus-TR-3,,3.91405,0.0464,1.4,,257.431,9.976,0.091
MOA 2007-BLG-192L b,MOA 2007-BLG-192L,,,0.62,,,3.3,,
MOA 2007-BLG-400L b,MOA 2007-BLG-400L,,,0.72,,103,263.79,,
MOA 2008-BLG-310L b,MOA 2008-BLG-310L,,,1.25,,,74,,
MOA 2008-BLG-379L b,MOA 2008-BLG-379L,,,3.3,,,1303,,
MOA 2009-BLG-266L b,MOA 2009-BLG-266L,,2774,3.2,,,10.4,,
MOA 2009-BLG-319L b,MOA 2009-BLG-319L,,,2.4,,,50,,
MOA 2009-BLG-387L b,MOA 2009-BLG-387L,,1981.95,1.82,,,0.008,,
MOA 2010-BLG-477L b,MOA 2010-BLG-477L,,,2,,,476.7,,
MOA 2010-BLG-073L b,MOA 2010-BLG-073L,,,1.21,,,3496,,
MOA 2011-BLG-293L b,MOA 2011-BLG-293L,,,1.1,,,1525.5,,
MOA 2011-BLG-322L b,MOA 2011-BLG-322L,,,4.3,,,3686.7,,
MOA-bin-1L b,MOA-bin-1L,,,8.3,,,1175.9,,
NGC 2682 YBP 1194 b,NGC 2682 YBP 1194,,6.958,,,,,,
NGC 2682 YBP 1514 b,NGC 2682 YBP 1514,,5.118,,,,,,
NGC 2682 Sand 364 b,NGC 2682 Sand 364,,121.71,,,,,,
NGC 4349 127 b,NGC 4349 127,,677.8,2.38,,,,,
OGLE 2003-BLG-235L b,OGLE 2003-BLG-235L,,,3,,,476.7,,
OGLE 2005-BLG-71L b,OGLE 2005-BLG-71L,,,3.6,,55,1207.7,,
OGLE 2005-BLG-169L b,OGLE 2005-BLG-169L,,,2.7,,,13,,
OGLE 2005-BLG-390L b,OGLE 2005-BLG-390L,,3285,2.6,,50,5.5,,
OGLE 2006-BLG-109L b,OGLE 2006-BLG-109L,,1788.5,2.3,,,231,,
OGLE 2006-BLG-109L c,OGLE 2006-BLG-109L,,4927.5,4.5,,,86,,
OGLE 2007-BLG-368L b,OGLE 2007-BLG-368L,,,3.3,,,20,,
OGLE 2008-BLG-092L b,OGLE 2008-BLG-092L,,,18,,,56.6,,
OGLE 2008-BLG-355L b,OGLE 2008-BLG-355L,,,1.7,,,1462,,
OGLE 2011-BLG-251L b,OGLE 2011-BLG-251L,,,2.72,,,168.44,,
OGLE 2011-BLG-265L b,OGLE 2011-BLG-265L,,,1.89,,,279.68,,
OGLE 2012-BLG-026L b,OGLE 2012-BLG-026L,,,3.82,,,34.96,,
OGLE 2012-BLG-026L c,OGLE 2012-BLG-026L,,,4.63,,,216.12,,
OGLE 2012-BLG-358L b,OGLE 2012-BLG-358L,,,0.87,,,587.96,,
OGLE 2012-BLG-406L b,OGLE 2012-BLG-406L,,,3.45,,,867.64,,
OGLE 2013-BLG-102L b,OGLE 2013-BLG-102L,,,0.8,,,3994.486,,
OGLE 2013-BLG-341L B b,OGLE 2013-BLG-341L B,,,0.883,,,2.32,,
OGLE 2014-BLG-124L b,OGLE 2014-BLG-124L,,,3.11,,,162.09,,
OGLE2-TR-L9 b,OGLE2-TR-L9,,2.4855335,0.0308,,,1430.175,18.046,0.166
OGLE-TR-10 b,OGLE-TR-10,,3.101278,0.0434,0.4,,197.046,14.011,0.128
OGLE-TR-056 b,OGLE-TR-056,,1.2119189,0.02383,0.68,2212,441.77,15.278,0.14
OGLE-TR-111 b,OGLE-TR-111,,4.0161,0.04689,0.59,,174.799,11.781,0.108
OGLE-TR-113 b,OGLE-TR-113,,1.4324752,0.02289,1.2,,400.449,12.251,0.112
OGLE-TR-132 b,OGLE-TR-132,,1.689868,0.03035,0.85,2013,375.02,13.45,0.123
OGLE-TR-182 b,OGLE-TR-182,,3.9791,0.051,,,320.995,12.666,0.116
OGLE-TR-211 b,OGLE-TR-211,0.1838,3.67724,0.051,,,327.351,15.244,0.14
Oph 11 b,Oph 11,,730000,,,,6674.15,,
POTS-1 b,POTS-1,,3.1606296,0.03734,,,734.16,10.548,0.097
Pr0201 b,Pr0201,,4.4264,,,,171.621,,
Pr0211 b,Pr0211,,2.1451,,,,586.054,,
PSR B1257+12 b,PSR B1257+12,,25.262,0.19,,,0.02225,,
PSR B1257+12 c,PSR B1257+12,,66.5419,0.36,,,4.13162,,
PSR B1257+12 d,PSR B1257+12,,98.2114,0.46,,,3.8138,,
PSR B1620-26 b,PSR B1620-26,,36525,23,,,794.54153,,
PSR J1719-1438 b,PSR J1719-1438,,0.09070629,0.0044,23,,382.8,,
Qatar-1 b,Qatar-1,0.0683333,1.42002406,0.02298,1.2,,405.23325,12.733,0.117
Qatar-2 b,Qatar-2,,1.33711647,0.02153,1.573,1344,792.635,14.056,0.129
ROXs 42 B b,ROXs 42 B,,,157,,1975,2860,,
ROXs 12 b,ROXs 12,,,210,,,5085,,
SR 12 AB c,SR 12 AB,,,,,,4131.62,,
SWEEPS-4 b,SWEEPS-4,,4.2,0.055,,,1207.7,9.079,0.083
SWEEPS-11 b,SWEEPS-11,,1.796,0.03,,,3082.82,12.666,0.116
TrES-1 b,TrES-1,,3.030065,0.03925,0.769,1140,238.998,11.96,0.11
TrES-3 b,TrES-3,,1.30618581,0.02282,0.994,,607.03,14.975,0.137
TrES-4 b,TrES-4,0.152,3.553945,0.05091,0.209,,292.073,20.165,0.185
TrES-5 b,TrES-5,,1.48224686,0.02459,1.31,1480,568.9157,13.384,0.123
TYC 1422-614-1 b,TYC 1422-614-1,,198.4,0.69,,,,,
TYC 1422-614-1 c,TYC 1422-614-1,,559.3,1.37,,,,,
USco CTIO 108 b,USco CTIO 108,,,,,,4449.43255,,
V0391 Peg b,V0391 Peg,,1170,1.7,,,1017.01316,,
WASP-1 b,WASP-1,,2.5199454,0.03889,0.348,,271.415,16.623,0.152
WASP-2 b,WASP-2,,2.152226,0.03138,0.92,1304,290.802,12.005,0.11
WASP-3 b,WASP-3,0.114,1.846835,0.03151,1.037,,559.357,14.5,0.133
WASP-4 b,WASP-4,0.0899,1.33823187,0.02312,0.774,,393.139,15.838,0.145
WASP-5 b,WASP-5,0.0987,1.6284279,0.0267,1.64,1706,502.15,12.184,0.112
WASP-6 b,WASP-6,,3.36100208,0.0414,0.325,1184,154.14755,13.787,0.126
WASP-7 b,WASP-7,0.1573,4.954658,0.0618,0.545,,305.104,14.908,0.137
WASP-8 b,WASP-8,0.1832,8.158715,0.0801,,,713.18,11.635,0.107
WASP-8 c,WASP-8,,4323,5.28,,,,,
WASP-10 b,WASP-10,0.0928,3.0927616,0.03781,4.14,1370,1001.12,12.106,0.111
WASP-11 b,WASP-11,0.109,3.7224747,0.0435,0.594,,154.777,11.265,0.103
WASP-12 b,WASP-12,0.122,1.091423,0.0229,0.24,,448,20.1,0.184
WASP-13 b,WASP-13,0.169,4.353011,0.05362,0.222,,151.599,15.569,0.143
WASP-14 b,WASP-14,0.1275,2.243752,0.036,4.656,,2333,14.36,0.132
WASP-15 b,WASP-15,0.1548,3.7520656,0.0499,0.247,,172,16.01,0.147
WASP-16 b,WASP-16,0.08,3.1186009,0.0421,1.104,,272,11.3,0.104
WASP-17 b,WASP-17,0.1822,3.7354417,0.051,0.122,,156,19.5,0.179
WASP-18 b,WASP-18,0.08932,0.94145299,0.02026,8.78,,3314.83,13.059,0.12
WASP-19 b,WASP-19,0.0655,0.78884,0.01655,0.583,2050,371.21,15.536,0.142
WASP-20 b,WASP-20,0.1418,4.8996284,0.06,0.132,1379,98.841,16.388,0.15
WASP-21 b,WASP-21,0.1398,4.322482,0.052,0.32,,95.345,11.99,0.11
WASP-22 b,WASP-22,0.14501,3.5327313,0.04698,0.503,,186.876,12.98,0.119
WASP-23 b,WASP-23,0.09976,2.9444256,0.0376,,,280.95,10.783,0.099
WASP-24 b,WASP-24,0.1118,2.34121242,0.03651,0.648,,340.382,14.571,0.134
WASP-25 b,WASP-25,0.116,3.764825,0.0473,0.422,,184.334,13.675,0.125
WASP-26 b,WASP-26,0.0993,2.7566004,0.03985,0.649,,326.715,14.359,0.132
WASP-28 b,WASP-28,0.1349,3.40883,0.04469,0.676,1468,288.26,13.597,0.125
WASP-29 b,WASP-29,0.1108,3.922727,0.0457,0.65,,77.547,8.878,0.081
WASP-31 b,WASP-31,0.1103,3.4059096,0.04659,0.172,,151.916,17.363,0.159
WASP-32 b,WASP-32,0.101,2.718659,0.0394,2.926,,1144.14,13.227,0.121
WASP-33 b,WASP-33,,1.2198669,0.02555,,,1303,16.78,0.154
WASP-34 b,WASP-34,0.0876,4.3176782,0.0524,0.45,1250,187.51,13.675,0.125
WASP-35 b,WASP-35,0.1278,3.161575,0.04317,0.426,,228.828,14.796,0.136
WASP-36 b,WASP-36,0.07566,1.5373653,0.02643,1.458,,731.932,14.359,0.132
WASP-37 b,WASP-37,0.1304,3.577469,0.0446,1.53,,572.07,13.002,0.119
WASP-38 b,WASP-38,0.1942,6.871815,0.07522,2.74,,855.245,12.263,0.112
WASP-39 b,WASP-39,0.1168,4.055259,0.0486,0.186,,88.989,14.235,0.131
WASP-41 b,WASP-41,0.108,3.052401,0.0402,0.665,,292.391,13.451,0.123
WASP-42 b,WASP-42,0.12043,4.9816872,0.0548,0.528,,158.908,12.106,0.111
WASP-43 b,WASP-43,0.0483,0.813475,0.0142,2.939,,565.714,10.424,0.096
WASP-44 b,WASP-44,0.0936,2.4238039,0.03473,0.811,,282.539,12.778,0.117
WASP-45 b,WASP-45,0.0746,3.1260876,0.04054,0.851,,320.041,13.002,0.119
WASP-46 b,WASP-46,0.06973,1.43037,0.02448,1.25,,667.733,14.684,0.135
WASP-47 b,WASP-47,0.14933,4.1591399,0.052,0.984,,362.311,12.89,0.118
WASP-48 b,WASP-48,,2.14363544,0.0332,0.415,1956,288,15.65,0.143
WASP-49 b,WASP-49,0.08832,2.7817387,0.0379,0.363,,120.135,12.498,0.115
WASP-50 b,WASP-50,0.07524,1.9550959,0.02945,1.274,,466.555,12.924,0.119
WASP-52 b,WASP-52,0.0754,1.7497798,0.0272,0.29,1315,146.2,14.24,0.131
WASP-54 b,WASP-54,0.1863,3.6936411,0.04987,0.188,1759,202.131,18.528,0.17
WASP-55 b,WASP-55,0.147,4.465633,0.0533,0.346,,181.155,14.572,0.134
WASP-56 b,WASP-56,0.1484,4.617101,0.05458,0.583,1216,181.473,12.24,0.112
WASP-57 b,WASP-57,0.096,2.838971,0.0386,1.161,1251,213.573,10.267,0.094
WASP-58 b,WASP-58,0.1582,5.01718,0.0561,0.45,1270,282.86,15.36,0.141
WASP-59 b,WASP-59,0.102,7.919585,0.0697,2.4,670,274.276,8.687,0.08
WASP-60 b,WASP-60,0.139,4.3050011,0.0531,1.1,1320,163.358,9.64,0.088
WASP-61 b,WASP-61,0.1642,3.8559,0.0514,1.423,,654.702,13.899,0.127
WASP-62 b,WASP-62,0.1588,4.411953,0.0567,0.279,,181.155,15.581,0.143
WASP-63 b,WASP-63,0.2225,4.37809,0.0574,0.173,,120.77,16.029,0.147
WASP-64 b,WASP-64,0.09999,1.5732918,0.02648,0.823,1689,403.945,14.247,0.131
WASP-65 b,WASP-65,0.11396,2.3114243,0.0334,1.5,1480,492.62,12.464,0.114
WASP-66 b,WASP-66,0.1876,4.086052,0.0546,1.144,,737.335,15.581,0.143
WASP-67 b,WASP-67,0.079,4.61442,0.0517,0.213,,133.483,15.693,0.144
WASP-68 b,WASP-68,0.214,5.084298,0.06206,0.665,1490,301.93,13.9,0.128
WASP-69 b,WASP-69,0.0929,3.8681382,0.04525,0.291,963,82.632,9.113,0.084
WASP-70 A b,WASP-70 A,0.1389,3.7130203,0.04853,0.499,1387,187.512,13.047,0.12
WASP-71 b,WASP-71,0.2091,2.9036747,0.04619,0.94,2049,712.545,16.37,0.15
WASP-72 b,WASP-72,0.1558,2.2167421,0.03708,0.96,2210,491.3763,14.24,0.131
WASP-73 b,WASP-73,0.233,4.08722,0.05512,1.596,1790,597.5,13.002,0.119
WASP-75 b,WASP-75,0.0822,2.484193,0.0375,0.69,1710,340.06,14.235,0.131
WASP-77 A b,WASP-77 A,0.09,1.3600309,0.024,1.33,,559.36,13.56,0.124
WASP-78 b,WASP-78,0.1953,2.17517632,0.0362,0.2394,,282.857,19.055,0.175
WASP-79 b,WASP-79,0.1661,3.6623866,0.0535,0.13,1900,286.03,23.43,0.215
WASP-80 b,WASP-80,0.0887917,3.06785234,0.0344,0.717,825,170.99254,11.198,0.103
WASP-82 b,WASP-82,0.208,2.705785,0.0448,0.33,2200,397.27,19.17,0.176
WASP-84 b,WASP-84,0.11452,8.5234865,0.0771,1.104,797,220.565,10.559,0.097
WASP-88 b,WASP-88,0.252,4.954,0.06431,0.146,1772,177.98,19.055,0.175
WASP-94 A b,WASP-94 A,0.187,3.9501907,0.055,0.118,1604,143.653,19.28,0.177
WASP-94 B b,WASP-94 B,,2.00839,0.0335,,,,,
WASP-95 b,WASP-95,0.116,2.184673,0.03416,1.13,1570,359.13,13.56,0.124
WASP-96 b,WASP-96,0.1011,3.4252602,0.0453,0.37,1285,152.55,13.45,0.123
WASP-97 b,WASP-97,0.1076,2.07276,0.03303,1.21,1555,419.52,12.67,0.116
WASP-98 b,WASP-98,0.0795,2.96264,0.036,0.84,1180,263.79,12.33,0.113
WASP-99 b,WASP-99,0.219,5.75251,0.0717,2.79,1480,883.53,12.33,0.113
WASP-100 b,WASP-100,0.16,2.849375,0.0457,0.53,2190,645.17,18.94,0.174
WASP-101 b,WASP-101,0.113,3.585722,0.0506,0.24,1560,158.91,15.8,0.145
WASP-103 b,WASP-103,0.108,0.925542,0.01985,0.55,2508,473.547,17.127,0.157
WASP-104 b,WASP-104,0.07342,1.7554137,0.02918,1.074,1516,404.263,12.745,0.117
WASP-106 b,WASP-106,0.22346,9.289715,0.0917,1.86,1140,611.797,12.162,0.112
WASP-117 b,WASP-117,0.2475,10.02165,0.09459,0.3445,1001,87.5585,11.444,0.105
WD 0806-661 b,WD 0806-661,,,2500,,323,2383.6,,
WTS-1 b,WTS-1,,3.352057,0.047,1.61,1500,1274.44,16.7,0.153
WTS-2 b,WTS-2,,1.0187068,0.01855,0.54,2000,355.9696,15.278,0.14
WISEP J121756.91+162640.2 A b,WISEP J121756.91+162640.2 A,,,8,,450,6992,10.468,0.096
XO-1 b,XO-1,0.1238,3.94150685,0.049,0.64,,292.391,13.563,0.124
XO-2 N b,XO-2 N,,2.61585922,0.03673,0.7,,189.737,11.422,0.105
XO-2 S b,XO-2 S,,18.157,0.1344,,,,,
XO-2 S c,XO-2 S,,120.8,0.4756,,,,,
XO-3 b,XO-3,0.1245,3.1915239,0.0454,8.1,,3747.06,13.641,0.125
XO-4 b,XO-4,,4.1250828,,,,565.71,14.91,0.137
XO-5 b,XO-5,0.1299,4.1877558,0.0515,1.06,1230,378.2,12.78,0.117
